{
  "v2_focal_per_s": 0.8269546200109349,
  "no_lora_focal_per_s": 0.8265027322404372,
  "throughput_pct_of_baseline": 100.05467468562055,
  "v2_rates_per_shard": [
    0.8064516129032258,
    0.847457627118644
  ],
  "no_lora_rates_per_shard": [
    0.8333333333333334,
    0.819672131147541
  ],
  "threshold_pct": 70.0,
  "note": "throughput_pct_of_baseline = v2 mean rate / no-LoRA mean rate × 100. DA-14 gate: ≥ 70%. Rates pulled from each shard's raw_dialog.metadata['pilot_rate_focal_per_s']."
}