{
  "persona": "kant",
  "metric": "burrows_delta_de",
  "reference_persona": "kant",
  "reference_language": "de",
  "n_function_words": 49,
  "window_size": 100,
  "n_clusters": 2,
  "n_windows_with_de": 6,
  "lang_confidence_threshold": 0.85,
  "min_tokens": 5,
  "lang_routing_counts": {
    "total_utterances_seen": 600,
    "de": 325,
    "en_dropped": 214,
    "ja_dropped": 18,
    "other_dropped": 0,
    "low_confidence_dropped": 43,
    "de_fraction": 0.5416666666666666
  },
  "bootstrap": {
    "method": "hierarchical-cluster-only",
    "n_resamples": 2000,
    "ci": 0.95,
    "point": 114.32926882106158,
    "lo": 114.06795178860598,
    "hi": 114.59058585351715,
    "width": 0.5226340649111734,
    "n": 6
  },
  "shards": [
    "kant_planb_nolora_run0_stim.duckdb",
    "kant_planb_nolora_run1_stim.duckdb"
  ],
  "per_window": [
    {
      "run_id": "kant_planb_nolora_run0_stim",
      "window_index": 0,
      "n_total": 100,
      "n_de": 53,
      "n_en": 35,
      "n_ja": 3,
      "n_other": 0,
      "n_dropped": 9,
      "mean_burrows": 118.28429387450534,
      "per_utt_burrows": [
        173.55317851674977,
        91.72096138517537,
        88.11296264280247,
        127.76785083498365,
        150.76740603408035,
        112.26692636914753,
        123.53001857787518,
        110.7448474391596,
        91.06823009063827,
        124.29721169704656,
        124.68215831626962,
        95.23061374057616,
        121.02754838004172,
        119.73065240347547,
        115.79957158724979,
        85.44535662584376,
        128.68586111783088,
        114.49492356752468,
        115.89710545463907,
        105.7944317701046,
        133.59954990089767,
        115.39756891092193,
        123.23953612850458,
        101.86799244537045,
        88.6920997723615,
        95.72418953764912,
        78.06883545296579,
        136.9061606808931,
        121.74172691713319,
        157.24890478892837,
        108.22895736377497,
        156.71485623460484,
        196.05946398988524,
        121.87326555968305,
        115.04941535448441,
        122.42105437012368,
        143.7273190803915,
        93.51314472560837,
        103.5297493869365,
        129.61252060698573,
        108.91524752508435,
        107.93994726974572,
        148.65837323947537,
        123.71831909623003,
        113.44579792909248,
        80.4333410597537,
        110.5032728429451,
        190.45692711878863,
        133.59954990089767,
        133.43244751980495,
        91.8084065087663,
        77.73334837211257,
        84.58846920676896
      ]
    },
    {
      "run_id": "kant_planb_nolora_run0_stim",
      "window_index": 1,
      "n_total": 100,
      "n_de": 57,
      "n_en": 36,
      "n_ja": 2,
      "n_other": 0,
      "n_dropped": 5,
      "mean_burrows": 111.85474715920168,
      "per_utt_burrows": [
        95.72418953764912,
        127.17721803873943,
        91.0782467753686,
        121.74172691713319,
        156.14098540398462,
        98.41845824794224,
        112.26692636914753,
        185.68902139175034,
        104.30254297542672,
        101.50513222925136,
        99.71304876058755,
        125.26566426493858,
        73.82406108003683,
        108.89199725125515,
        86.78756936694302,
        128.45637495992807,
        102.44327049768434,
        120.1086229023864,
        121.75895456701652,
        109.6559470037108,
        105.7944317701046,
        70.96650407237394,
        190.45692711878863,
        175.15277116933368,
        118.9692574224369,
        119.9555808878828,
        77.73334837211257,
        91.71249148188163,
        133.53179131198965,
        101.8207061256903,
        99.45814625343485,
        103.38390288105191,
        143.49855099458546,
        98.38170780353818,
        94.6711740152364,
        111.0891573768312,
        114.40139092262457,
        97.16684759969624,
        118.27418113538509,
        120.1973721737947,
        80.96546892142828,
        116.07184206727703,
        92.72754848627713,
        148.9530895704406,
        132.60738792106076,
        114.60649714430055,
        103.25497232626653,
        116.2553227667774,
        110.78655646222569,
        116.61713143737927,
        110.5032728429451,
        70.96650407237394,
        90.87366815849204,
        104.98717501826943,
        118.81876762210557,
        84.69180391439181,
        104.46737991282879
      ]
    },
    {
      "run_id": "kant_planb_nolora_run0_stim",
      "window_index": 2,
      "n_total": 100,
      "n_de": 52,
      "n_en": 35,
      "n_ja": 4,
      "n_other": 0,
      "n_dropped": 9,
      "mean_burrows": 113.63271652684443,
      "per_utt_burrows": [
        139.17109198773116,
        89.40566041994248,
        100.26806271800099,
        121.74172691713319,
        160.91840128143926,
        110.39520654883765,
        156.84121176962714,
        168.18116137030074,
        109.39351700580944,
        99.79679366712688,
        133.50622317722778,
        122.65611685372842,
        102.57295761209988,
        107.81845580010528,
        133.629557939834,
        148.65837323947537,
        81.62670072963657,
        111.61563400312275,
        115.17666631219791,
        116.61713143737927,
        104.47947031966896,
        112.33426021968421,
        133.43244751980495,
        109.97839568335694,
        69.64915788017363,
        88.11922499033085,
        122.46308671769769,
        83.97608179978485,
        95.23528601819802,
        121.74172691713319,
        157.55366370645666,
        98.38170780353818,
        122.02323945580919,
        130.28686680763954,
        107.61992155331725,
        98.23748076603653,
        120.94776615356946,
        99.46870641973698,
        76.62313937786972,
        121.02754838004172,
        119.58753543894181,
        128.68586111783088,
        128.61550447028785,
        129.49059563926457,
        97.36335616968495,
        131.15163158373556,
        108.35815265616125,
        91.83573134026008,
        93.4679303704477,
        102.82730560681051,
        85.82860073154933,
        88.11922499033085
      ]
    },
    {
      "run_id": "kant_planb_nolora_run1_stim",
      "window_index": 0,
      "n_total": 100,
      "n_de": 54,
      "n_en": 36,
      "n_ja": 3,
      "n_other": 0,
      "n_dropped": 7,
      "mean_burrows": 118.18029239568536,
      "per_utt_burrows": [
        139.17109198773116,
        90.51463924655528,
        180.73661663190947,
        89.24435130505765,
        133.3945144546854,
        110.39975569231311,
        122.02323945580919,
        130.60528485808754,
        110.7448474391596,
        132.61902207142313,
        100.18028784704175,
        137.2390244065455,
        77.65167015851428,
        116.60677987364271,
        117.42772582900281,
        143.89361913208367,
        117.03364288162159,
        128.68586111783088,
        118.37165608816201,
        137.97608711774475,
        116.61713143737927,
        190.45692711878863,
        136.26686616311667,
        113.76706980835418,
        85.89778234034911,
        85.38574511318883,
        88.6920997723615,
        104.04559376080564,
        105.98345532265259,
        96.2654869122128,
        121.74172691713319,
        148.3498002744967,
        84.69180391439181,
        96.50859637752237,
        119.97190010080126,
        136.32031541728264,
        96.71622611456051,
        149.36248690153099,
        167.13928843804896,
        82.13713436835346,
        130.41061819039433,
        115.30919746712227,
        128.7234808574823,
        132.60738792106076,
        148.65837323947537,
        111.94501087932632,
        121.75895456701652,
        110.5032728429451,
        190.45692711878863,
        79.8631741551912,
        81.38316839829915,
        95.55776935431673,
        101.12071387485608,
        72.60058633248323
      ]
    },
    {
      "run_id": "kant_planb_nolora_run1_stim",
      "window_index": 1,