{
  "persona": "kant",
  "metric": "burrows_delta_de",
  "reference_persona": "kant",
  "reference_language": "de",
  "n_function_words": 49,
  "window_size": 100,
  "n_clusters": 2,
  "n_windows_with_de": 6,
  "lang_confidence_threshold": 0.85,
  "min_tokens": 5,
  "lang_routing_counts": {
    "total_utterances_seen": 600,
    "de": 324,
    "en_dropped": 212,
    "ja_dropped": 20,
    "other_dropped": 0,
    "low_confidence_dropped": 44,
    "de_fraction": 0.54
  },
  "bootstrap": {
    "method": "hierarchical-cluster-only",
    "n_resamples": 2000,
    "ci": 0.95,
    "point": 116.0908003553264,
    "lo": 115.0873377280165,
    "hi": 117.09426298263632,
    "width": 2.00692525461983,
    "n": 6
  },
  "shards": [
    "kant_r8v4_run0_stim.duckdb",
    "kant_r8v4_run1_stim.duckdb"
  ],
  "per_window": [
    {
      "run_id": "kant_r8v4_run0_stim",
      "window_index": 0,
      "n_total": 100,
      "n_de": 54,
      "n_en": 35,
      "n_ja": 4,
      "n_other": 0,
      "n_dropped": 7,
      "mean_burrows": 117.58208594174286,
      "per_utt_burrows": [
        104.50960439863991,
        93.32687283895824,
        140.14209522958961,
        123.31563922577119,
        186.0193097153957,
        133.05288946935715,
        100.89299949590972,
        114.55155514353592,
        75.5316120116632,
        89.75130079490623,
        113.5573841887525,
        130.98108836606426,
        79.13997744863664,
        99.93307526076575,
        108.4299829589526,
        120.72873282531546,
        105.48877541413675,
        135.67112936390677,
        106.21078590463692,
        113.51962331218604,
        104.47647703154296,
        190.45692711878863,
        102.11555262644937,
        113.76706980835418,
        119.9555808878828,
        94.716572514732,
        88.11922499033085,
        139.17109198773116,
        122.78147271171753,
        165.1623824951545,
        121.74172691713319,
        157.73687200556827,
        129.05631045058607,
        92.37258778360157,
        119.97190010080126,
        105.22508326147921,
        90.08821823986321,
        118.27418113538509,
        169.42597704037445,
        93.51314472560837,
        84.29464323925438,
        114.56483300169789,
        121.38795163431287,
        95.6782434950164,
        132.60738792106076,
        117.24846054853474,
        121.75895456701652,
        106.04044522528167,
        190.45692711878863,
        162.3478364586049,
        84.77054638018012,
        86.21205281917658,
        139.31839708983344,
        79.8631741551912
      ]
    },
    {
      "run_id": "kant_r8v4_run0_stim",
      "window_index": 1,
      "n_total": 100,
      "n_de": 53,
      "n_en": 36,
      "n_ja": 4,
      "n_other": 0,
      "n_dropped": 7,
      "mean_burrows": 114.04717808613107,
      "per_utt_burrows": [
        112.76042868173452,
        95.64231377692191,
        88.11296264280247,
        121.74172691713319,
        165.39842068225568,
        95.87054311969109,
        101.31654670626378,
        139.9379813225388,
        97.01713635834524,
        101.510764437229,
        132.9735586130596,
        82.10081124648774,
        149.96974554844567,
        135.010296310609,
        118.184104376966,
        120.82499314630206,
        100.00117558547544,
        109.3828990267805,
        116.79281334980485,
        105.7944317701046,
        70.96650407237394,
        190.45692711878863,
        124.30062249211252,
        137.23883581344643,
        109.97839568335694,
        87.48835395177305,
        91.71249148188163,
        110.8823209165786,
        112.72244823330115,
        106.96040918863292,
        91.71763095254781,
        156.14098540398462,
        74.77936267929562,
        100.80892603100487,
        100.23971842478338,
        123.41983904508805,
        90.77440219938963,
        112.82799934166331,
        115.01450357695384,
        123.13381034479833,
        116.60677987364271,
        97.38992076047606,
        141.1827658403443,
        135.67112936390677,
        128.68586111783088,
        114.61920433224418,
        118.37165608816201,
        110.5032728429451,
        133.59954990089767,
        132.78596323961955,
        123.73035478017601,
        77.73334837211257,
        91.71249148188163
      ]
    },
    {
      "run_id": "kant_r8v4_run0_stim",
      "window_index": 2,
      "n_total": 100,
      "n_de": 55,
      "n_en": 35,
      "n_ja": 4,
      "n_other": 0,
      "n_dropped": 6,
      "mean_burrows": 119.65352492003498,
      "per_utt_burrows": [
        117.87958578237665,
        90.51463924655528,
        132.27260486391515,
        121.74172691713319,
        134.1137346379963,
        95.30756837422716,
        115.61989766568114,
        168.18116137030074,
        108.43258954508688,
        99.68558482988541,
        132.9735586130596,
        146.5947192896191,
        144.68627488681108,
        111.6122100653549,
        146.3155182139506,
        150.36897037877327,
        132.60738792106076,
        113.51962331218604,
        143.6644485113958,
        116.61713143737927,
        116.61713143737927,
        105.7944317701046,
        190.45692711878863,
        102.72975692442881,
        137.23883581344643,
        118.81876762210557,
        84.69180391439181,
        88.11922499033085,
        104.50960439863991,
        125.34042786242347,
        88.11296264280247,
        132.80936840708407,
        156.14098540398462,
        106.80324600560556,
        122.02323945580919,
        102.42435609835681,
        98.2543528130237,
        80.42435947932846,
        114.82082179296899,
        124.581335573912,
        115.90329447340139,
        137.36247041497543,
        146.3155182139506,
        109.22882970540248,
        125.73607486460958,
        113.51962331218604,
        116.80904660253567,
        103.4739115634535,
        70.96650407237394,
        190.45692711878863,
        133.59954990089767,
        94.92548871168826,
        118.81876762210557,
        92.6351999739278,
        87.77178866396268
      ]
    },
    {
      "run_id": "kant_r8v4_run1_stim",
      "window_index": 0,
      "n_total": 100,
      "n_de": 53,
      "n_en": 35,
      "n_ja": 3,
      "n_other": 0,
      "n_dropped": 9,
      "mean_burrows": 114.7841983372648,
      "per_utt_burrows": [
        123.9630688676301,
        96.26566000750176,
        111.92926174867638,
        121.74172691713319,
        145.29411411423774,
        100.15088551965252,
        105.6769338660034,
        177.17207684615065,
        101.18562072367686,
        103.04400956901067,
        139.22269214685815,
        134.35126766231969,
        65.59175157827949,
        111.04449352425922,
        118.184104376966,
        96.37089609687948,
        93.06304797457571,
        118.37165608816201,
        98.64760955515553,
        110.78655646222569,
        106.80491118562078,
        190.45692711878863,
        136.26686616311667,
        103.30974378224857,
        109.97839568335694,
        147.1758504814482,
        72.60058633248323,
        117.78739088011423,
        120.06646180718013,
        174.35651886516786,
        121.74172691713319,
        135.61667426873805,
        130.09644280428128,
        94.76552940579376,
        82.63969347683167,
        130.14843443671805,
        80.42435947932846,
        101.04210293088765,
        106.98277800939788,
        105.18935784271876,
        121.02754838004172,
        103.60154642440199,
        128.25483624066206,
        128.61550447028785,
        128.68586111783088,
        121.75895456701652,
        118.14065620543383,
        116.61713143737927,
        108.12999935484339,
        80.86733360991937,
        110.65257393385849,
        85.98988913476788,
        91.71249148188163
      ]
    },
    {
      "run_id": "kant_r8v4_run1_stim",
      "window_index": 1,
      "n_total": 100,
      "n_de": 55,
      "n_en": 36,
      "n_ja": 3,
      "n_other": 0,