{
  "bucket_histogram": {
    "de|30-59|q1": 10,
    "de|30-59|q4": 7,
    "de|<30|q1": 455,
    "de|<30|q4": 248,
    "en|30-59|q1": 79,
    "en|60-119|q1": 6,
    "en|<30|q1": 872,
    "en|<30|q4": 201,
    "ja|120+|q1": 1,
    "ja|120+|q4": 4,
    "ja|30-59|q1": 977,
    "ja|30-59|q3": 47,
    "ja|30-59|q4": 419,
    "ja|60-119|q1": 183,
    "ja|60-119|q3": 50,
    "ja|60-119|q4": 102,
    "ja|<30|q1": 1032,
    "ja|<30|q4": 252,
    "mixed|<30|q1": 58,
    "mixed|<30|q4": 16
  },
  "marker_quartile_breakpoints": [
    0.0,
    0.0,
    2.2222222222222223
  ],
  "n_eff": 3560.8915734683724,
  "n_examples": 5019,
  "per_language_weighted_mass": {
    "de": 0.22651786214145309,
    "en": 0.27416864539066715,
    "ja": 0.48399748204470744,
    "mixed": 0.01531601042319203
  },
  "top_5_pct_count": 251,
  "top_5_pct_weight_share": 0.153572627379041,
  "weight_max": 4.150226648048244,
  "weight_mean": 0.999999999999981,
  "weight_min": 0.4703590201121344,
  "weight_p10": 0.4703590201121344,
  "weight_p50": 0.8577135072633036,
  "weight_p90": 1.8695782900255424
}
