{
  "bucket_histogram": {
    "de|30-59|q1": 159,
    "de|30-59|q4": 62,
    "de|60-119|q4": 2,
    "de|<30|q1": 306,
    "de|<30|q4": 191,
    "en|30-59|q1": 72,
    "en|60-119|q1": 6,
    "en|<30|q1": 879,
    "en|<30|q4": 201,
    "ja|120+|q1": 24,
    "ja|120+|q3": 12,
    "ja|120+|q4": 14,
    "ja|30-59|q1": 1229,
    "ja|30-59|q3": 8,
    "ja|30-59|q4": 586,
    "ja|60-119|q1": 387,
    "ja|60-119|q3": 71,
    "ja|60-119|q4": 142,
    "ja|<30|q1": 553,
    "ja|<30|q4": 41,
    "mixed|30-59|q1": 6,
    "mixed|<30|q1": 52,
    "mixed|<30|q4": 16
  },
  "marker_quartile_breakpoints": [
    0.0,
    0.0,
    1.7241379310344827
  ],
  "n_eff": 3886.3808333167804,
  "n_examples": 5019,
  "per_language_weighted_mass": {
    "de": 0.21074826695436735,
    "en": 0.2777552487377366,
    "ja": 0.4983784482767369,
    "mixed": 0.013118036031170158
  },
  "top_5_pct_count": 251,
  "top_5_pct_weight_share": 0.13908401226837194,
  "weight_max": 4.25950366001166,
  "weight_mean": 0.9999999999999819,
  "weight_min": 0.48274374813465487,
  "weight_p10": 0.48274374813465487,
  "weight_p50": 0.8802974230690763,
  "weight_p90": 1.6907543356767005
}
