{
  "persona": "kant",
  "metric": "burrows_delta_de",
  "reference_persona": "kant",
  "reference_language": "de",
  "n_function_words": 49,
  "window_size": 100,
  "n_clusters": 2,
  "n_windows_with_de": 6,
  "lang_confidence_threshold": 0.85,
  "min_tokens": 5,
  "lang_routing_counts": {
    "total_utterances_seen": 600,
    "de": 329,
    "en_dropped": 214,
    "ja_dropped": 17,
    "other_dropped": 0,
    "low_confidence_dropped": 40,
    "de_fraction": 0.5483333333333333
  },
  "bootstrap": {
    "method": "hierarchical-cluster-only",
    "n_resamples": 2000,
    "ci": 0.95,
    "point": 115.10090300065475,
    "lo": 113.93029366148589,
    "hi": 116.27151233982359,
    "width": 2.3412186783376967,
    "n": 6
  },
  "shards": [
    "kant_nolora_run0_stim.duckdb",
    "kant_nolora_run1_stim.duckdb"
  ],
  "per_window": [
    {
      "run_id": "kant_nolora_run0_stim",
      "window_index": 0,
      "n_total": 100,
      "n_de": 55,
      "n_en": 36,
      "n_ja": 2,
      "n_other": 0,
      "n_dropped": 7,
      "mean_burrows": 118.27719560731124,
      "per_utt_burrows": [
        132.63492812361105,
        135.53915164711952,
        173.7980585746221,
        116.02973831636905,
        145.29411411423774,
        128.71334544868378,
        149.75881938611846,
        168.18116137030074,
        104.03350173039357,
        106.57092035512827,
        126.12214307038542,
        151.24240060102943,
        116.60677987364271,
        114.98528398601692,
        146.3155182139506,
        93.06304797457571,
        132.60738792106076,
        116.79281334980485,
        133.35834282136946,
        114.70171643768263,
        108.35815265616125,
        190.45692711878863,
        103.78560200630181,
        97.98807869077915,
        99.39947903695877,
        74.88002475787091,
        88.6920997723615,
        107.12788950963771,
        109.83313240863004,
        105.24348661680773,
        121.74172691713319,
        110.20159433786999,
        88.92670985600799,
        105.79455830001311,
        129.8011966748137,
        143.17056881969066,
        101.50513222925136,
        105.20818729337024,
        90.94078212450061,
        108.10292782504298,
        137.36247041497543,
        88.11296264280247,
        104.7046793791524,
        128.61550447028785,
        128.68586111783088,
        118.37165608816201,
        85.23024642640279,
        116.61713143737927,
        106.80491118562078,
        190.45692711878863,
        97.38227512943257,
        113.76706980835418,
        123.73035478017601,
        85.49119824152041,
        82.40507989313902
      ]
    },
    {
      "run_id": "kant_nolora_run0_stim",
      "window_index": 1,
      "n_total": 100,
      "n_de": 54,
      "n_en": 36,
      "n_ja": 3,
      "n_other": 0,
      "n_dropped": 7,
      "mean_burrows": 114.85861017882917,
      "per_utt_burrows": [
        120.13409235219146,
        123.83953578253409,
        130.92871214661355,
        113.38451729563207,
        184.88350317637662,
        98.41845824794224,
        115.92662116348554,
        119.97190010080126,
        104.30254297542672,
        99.79679366712688,
        116.4583538753779,
        96.11977817985604,
        83.25930483773449,
        88.11296264280247,
        89.12193081575646,
        137.4812500534134,
        123.62539094028139,
        96.40694137148643,
        121.75895456701652,
        132.67348461981138,
        88.11296264280247,
        190.45692711878863,
        108.95290500330086,
        81.38316839829915,
        119.9555808878828,
        79.52906168594556,
        79.8631741551912,
        173.55317851674977,
        91.86715596597801,
        174.35651886516786,
        121.74172691713319,
        174.42835640129493,
        98.41845824794224,
        96.50859637752237,
        119.18481885189746,
        114.32153666966681,
        108.35593795070106,
        92.40098152512589,
        132.98879723645584,
        105.77679432484786,
        128.68525607279622,
        88.28263938448004,
        118.184104376966,
        86.8960811120949,
        128.68586111783088,
        127.449438738243,
        110.3652668399157,
        130.42854394921875,
        190.45692711878863,
        87.13754395744965,
        108.37223959937364,
        98.32544613066084,
        77.73334837211257,
        72.60058633248323
      ]
    },
    {
      "run_id": "kant_nolora_run0_stim",
      "window_index": 2,
      "n_total": 100,
      "n_de": 54,
      "n_en": 36,
      "n_ja": 4,
      "n_other": 0,
      "n_dropped": 6,
      "mean_burrows": 115.67873123333044,
      "per_utt_burrows": [
        143.5002238847328,
        92.39642806945591,
        106.74526600282542,
        111.17153354240695,
        119.41814571418482,
        110.39975569231311,
        105.99689339677715,
        168.18116137030074,
        136.27876788415446,
        80.42435947932846,
        104.18919909349125,
        120.4475939751551,
        76.27134799139264,
        125.04591018048262,
        146.3155182139506,
        155.99066510352168,
        150.66217704192462,
        110.2058484880142,
        121.51232334459594,
        102.53064829760274,
        116.61713143737927,
        110.5032728429451,
        178.35192763220496,
        130.06251461187705,
        133.43244751980495,
        98.82826411717946,
        84.69180391439181,
        87.77178866396268,
        106.5833124400211,
        83.97608179978485,
        184.59132163604272,
        95.90330888157668,
        147.94911121120646,
        106.80324600560556,
        120.82252589186852,
        167.8162839421233,
        114.87985650189486,
        91.06823009063827,
        100.18028784704175,
        143.7273190803915,
        88.5199747936257,
        111.04449352425922,
        128.7234808574823,
        93.06304797457571,
        111.61563400312275,
        113.51962331218604,
        116.61713143737927,
        103.4739115634535,
        70.96650407237394,
        86.9414951894341,
        94.92548871168826,
        109.97839568335694,
        143.25463806243246,
        81.76386457991946
      ]
    },
    {
      "run_id": "kant_nolora_run1_stim",
      "window_index": 0,
      "n_total": 100,
      "n_de": 56,
      "n_en": 36,
      "n_ja": 2,
      "n_other": 0,
      "n_dropped": 6,
      "mean_burrows": 114.83756412020549,