{
  "persona": "kant",
  "metric": "burrows_delta_de",
  "reference_persona": "kant",
  "reference_language": "de",
  "n_function_words": 49,
  "window_size": 100,
  "n_clusters": 2,
  "n_windows_with_de": 6,
  "lang_confidence_threshold": 0.85,
  "min_tokens": 5,
  "lang_routing_counts": {
    "total_utterances_seen": 600,
    "de": 323,
    "en_dropped": 212,
    "ja_dropped": 22,
    "other_dropped": 0,
    "low_confidence_dropped": 43,
    "de_fraction": 0.5383333333333333
  },
  "bootstrap": {
    "method": "hierarchical-cluster-only",
    "n_resamples": 2000,
    "ci": 0.95,
    "point": 114.60862885209202,
    "lo": 112.40395706755703,
    "hi": 116.81330063662705,
    "width": 4.409343569070018,
    "n": 6
  },
  "shards": [
    "kant_r16_run0_stim.duckdb",
    "kant_r16_run1_stim.duckdb"
  ],
  "per_window": [
    {
      "run_id": "kant_r16_run0_stim",
      "window_index": 0,
      "n_total": 100,
      "n_de": 54,
      "n_en": 35,
      "n_ja": 4,
      "n_other": 0,
      "n_dropped": 7,
      "mean_burrows": 117.63349122965643,
      "per_utt_burrows": [
        117.78739088011423,
        95.75807427197631,
        108.00465818357308,
        119.46026295431416,
        165.51126249486717,
        74.77936267929562,
        122.02323945580919,
        168.18116137030074,
        104.30254297542672,
        95.2607160968355,
        113.88446414155699,
        149.99899282071354,
        111.75131805236607,
        109.95298393284112,
        115.02991417170526,
        146.3155182139506,
        125.73607486460958,
        117.57665116959717,
        103.00638467994158,
        110.5032728429451,
        190.45692711878863,
        91.73576088376616,
        113.76706980835418,
        123.73035478017601,
        87.48835395177305,
        84.58846920676896,
        134.69612370198604,
        86.6845133181988,
        173.37765683293483,
        104.5629563426932,
        156.14098540398462,
        95.30756837422716,
        92.37258778360157,
        143.63727987106978,
        114.40139092262457,
        102.6301840433573,
        98.00731756846525,
        120.4475939751551,
        86.40110982068346,
        122.62053034879955,
        103.60154642440199,
        128.7234808574823,
        120.82499314630206,
        132.60738792106076,
        127.449438738243,
        111.58027065686791,
        116.61713143737927,
        106.04044522528167,
        178.35192763220496,
        108.12999935484339,
        124.44028258531056,
        91.8084065087663,
        119.5657663963844,
        84.58846920676896
      ]
    },
    {
      "run_id": "kant_r16_run0_stim",
      "window_index": 1,
      "n_total": 100,
      "n_de": 54,
      "n_en": 36,
      "n_ja": 4,
      "n_other": 0,
      "n_dropped": 6,
      "mean_burrows": 119.90133827153305,
      "per_utt_burrows": [
        124.83741213650524,
        137.8108940168976,
        118.53191547819281,
        125.7619974402849,
        135.39808165086635,
        97.94552475425039,
        109.63901879756105,
        176.6394027197766,
        96.80961981990757,
        100.31003756229046,
        100.18028784704175,
        173.039616580614,
        138.61753942598676,
        116.80005090232163,
        120.03649360478161,
        97.24867000466766,
        120.82499314630206,
        106.59386011864441,
        131.5442704852824,
        104.47647703154296,
        190.45692711878863,
        175.15277116933368,
        94.92548871168826,
        96.89164923228977,
        92.15362301064394,
        88.11922499033085,
        117.6634372650754,
        141.64642754342793,
        106.96040918863292,
        119.46026295431416,
        157.24890478892837,
        120.58383893733532,
        91.69275643857334,
        129.94373520957106,
        93.87941501540797,
        102.6234224987621,
        118.30709527878562,
        150.0272745874137,
        76.32407045519314,
        121.02754838004172,
        110.46112999914995,
        128.25483624066206,
        113.39465613328555,
        122.85812947465442,
        112.92192390644747,
        111.17397238974192,
        114.70171643768263,
        106.80491118562078,
        190.45692711878863,
        103.78560200630181,
        118.9692574224369,
        123.73035478017601,
        104.07699503456797,
        94.94740823501147
      ]
    },
    {
      "run_id": "kant_r16_run0_stim",
      "window_index": 2,
      "n_total": 100,
      "n_de": 54,
      "n_en": 36,
      "n_ja": 3,
      "n_other": 0,
      "n_dropped": 7,
      "mean_burrows": 112.90507240869165,
      "per_utt_burrows": [
        83.78812336334833,
        93.32687283895824,
        149.8750773049358,
        153.1295758858452,
        148.3498002744967,
        95.30756837422716,
        105.98133520235821,
        139.9379813225388,
        110.66101653532027,
        115.00704992513883,
        92.38349031118575,
        131.00369916623947,
        78.95270346236832,
        153.5222209698769,
        120.1086229023864,
        128.68586111783088,
        123.71831909623003,
        115.86100785635566,
        116.61713143737927,
        116.61713143737927,
        110.5032728429451,
        190.45692711878863,
        109.03609809054265,
        87.14641421441866,
        109.97839568335694,
        81.35408159795249,
        88.11922499033085,
        123.9630688676301,
        83.97608179978485,
        100.6988179797659,
        121.74172691713319,
        98.15499427318423,
        110.39975569231311,
        91.69275643857334,
        123.08679436765584,
        143.88704034234803,
        91.06823009063827,
        132.9735586130596,
        97.69503338583489,
        119.01609113963814,
        121.02754838004172,
        105.28441457655295,
        128.45637495992807,
        93.06304797457571,
        111.48608816883035,
        121.75895456701652,
        113.51962331218604,
        116.61713143737927,
        109.76748696792644,
        98.85968396683255,
        113.76706980835418,
        109.97839568335694,
        77.73334837211257,
        87.77178866396268
      ]
    },
    {
      "run_id": "kant_r16_run1_stim",
      "window_index": 0,
      "n_total": 100,
      "n_de": 52,
      "n_en": 35,
      "n_ja": 5,
      "n_other": 0,
      "n_dropped": 8,
      "mean_burrows": 113.76928777525876,
      "per_utt_burrows": [
        117.78739088011423,
        138.72834247807918,
        115.77600866108715,
        121.74172691713319,
        165.51126249486717,
        97.1104961428295,
        100.80892603100487,
        127.70168339971036,
        99.79959820842004,
        90.08821823986321,
        119.26954409154466,
        99.46870641973698,
        109.60605636860993,
        118.184104376966,
        181.08074527756423,
        109.07793684287321,
        118.37165608816201,
        118.14065620543383,
        106.80491118562078,
        190.45692711878863,
        133.59954990089767,
        113.76706980835418,
        91.8084065087663,
        104.07699503456797,
        86.88420902872467,
        110.8823209165786,
        74.77936267929562,
        155.56506697487384,
        93.28257920248885,
        133.23289305942404,
        95.3035469667261,
        163.25756079214335,
        119.97190010080126,
        106.53725912314903,
        96.71622611456051,
        116.4583538753779,
        90.94078212450061,
        79.13997744863664,
        121.02754838004172,
        101.2801880476017,
        119.58753543894181,
        107.93994726974572,
        93.06304797457571,
        121.93957487193593,
        120.09008870627204,
        110.5032728429451,
        70.96650407237394,
        120.54000407851518,
        116.01367354165721,
        112.41244838548421,
        104.33170440832097,
        84.58846920676896
      ]
    },
    {
      "run_id": "kant_r16_run1_stim",
      "window_index": 1,
      "n_total": 100,
      "n_de": 52,
      "n_en": 35,
      "n_ja": 4,
      "n_other": 0,
      "n_dropped": 9,