{
  "persona": "kant",
  "metric": "burrows_delta_de",
  "reference_persona": "kant",
  "reference_language": "de",
  "n_function_words": 49,
  "window_size": 100,
  "n_clusters": 2,
  "n_windows_with_de": 6,
  "lang_confidence_threshold": 0.85,
  "min_tokens": 5,
  "lang_routing_counts": {
    "total_utterances_seen": 600,
    "de": 314,
    "en_dropped": 213,
    "ja_dropped": 24,
    "other_dropped": 0,
    "low_confidence_dropped": 49,
    "de_fraction": 0.5233333333333333
  },
  "bootstrap": {
    "method": "hierarchical-cluster-only",
    "n_resamples": 2000,
    "ci": 0.95,
    "point": 114.14076919347129,
    "lo": 113.25735774078862,
    "hi": 115.02418064615392,
    "width": 1.7668229053653022,
    "n": 6
  },
  "shards": [
    "kant_r8_run0_stim.duckdb",
    "kant_r8_run1_stim.duckdb"
  ],
  "per_window": [
    {
      "run_id": "kant_r8_run0_stim",
      "window_index": 0,
      "n_total": 100,
      "n_de": 55,
      "n_en": 35,
      "n_ja": 2,
      "n_other": 0,
      "n_dropped": 8,
      "mean_burrows": 116.95546574987225,
      "per_utt_burrows": [
        117.78739088011423,
        150.78357305039503,
        136.9061606808931,
        121.74172691713319,
        148.3498002744967,
        92.84509349736811,
        99.44272557472443,
        124.2587162816088,
        88.11296264280247,
        108.72307485617266,
        103.74110206046603,
        173.0435542900507,
        76.27134799139264,
        137.36247041497543,
        93.34725756144168,
        146.3155182139506,
        88.74487112647434,
        120.1086229023864,
        104.13241525756827,
        116.2553227667774,
        116.61713143737927,
        98.27164574646223,
        95.85386732112784,
        190.45692711878863,
        133.59954990089767,
        133.43244751980495,
        91.8084065087663,
        97.42908570094474,
        88.6920997723615,
        117.78739088011423,
        90.59198243111967,
        143.30195803084132,
        120.161687010972,
        148.3498002744967,
        135.13358341742273,
        94.89524286435245,
        114.87294480269317,
        137.32920024583282,
        96.71622611456051,
        118.27418113538509,
        149.6279269823474,
        107.39286547352613,
        90.77440219938963,
        115.30919746712227,
        107.53004846086043,
        94.38496310313876,
        93.06304797457571,
        121.75895456701652,
        123.71831909623003,
        107.74763734736698,
        175.15277116933368,
        113.76706980835418,
        109.97839568335694,
        134.33009471666202,
        76.16585671817623
      ]
    },
    {
      "run_id": "kant_r8_run0_stim",
      "window_index": 1,
      "n_total": 100,
      "n_de": 51,
      "n_en": 34,
      "n_ja": 7,
      "n_other": 0,
      "n_dropped": 8,
      "mean_burrows": 114.5240260598219,
      "per_utt_burrows": [
        98.42441637195334,
        104.47181265078865,
        125.4874458473644,
        102.24799616540541,
        148.3498002744967,
        94.76802630988071,
        115.92662116348554,
        147.98196363171624,
        115.30919746712227,
        84.33758611892938,
        99.34964058223426,
        115.05057016878185,
        93.51314472560837,
        116.16358239591422,
        148.9530895704406,
        128.68586111783088,
        107.93994726974572,
        121.75895456701652,
        107.8829168768481,
        104.47647703154296,
        190.45692711878863,
        91.83573134026008,
        118.9692574224369,
        101.78386140365609,
        87.48835395177305,
        82.40507989313902,
        100.08876592762842,
        94.45711091598109,
        115.50075619423681,
        119.46026295431416,
        146.30816667513315,
        95.30756837422716,
        100.80892603100487,
        139.9379813225388,
        97.5622083384427,
        99.79679366712688,
        118.27418113538509,
        115.4600095128561,
        122.02900390758344,
        89.9619215735792,
        153.5222209698769,
        127.27402766363134,
        181.08074527756423,
        121.75895456701652,
        116.2553227667774,
        110.5032728429451,
        108.84030077938107,
        83.55624862321577,
        118.81876762210557,
        122.02432498087333,
        88.11922499033085
      ]
    },
    {
      "run_id": "kant_r8_run0_stim",
      "window_index": 2,
      "n_total": 100,
      "n_de": 51,
      "n_en": 36,
      "n_ja": 4,
      "n_other": 0,
      "n_dropped": 9,
      "mean_burrows": 108.29258141267171,
      "per_utt_burrows": [
        102.04175817590733,
        89.0659778333482,
        106.96040918863292,
        119.46026295431416,
        148.3498002744967,
        95.30756837422716,
        91.21365430073568,
        65.59175157827949,
        117.22437319289173,
        100.40086236296453,
        132.9735586130596,
        116.45246767437533,
        111.04449352425922,
        128.61550447028785,
        107.93994726974572,
        137.97608711774475,
        126.90421982065237,
        116.61713143737927,
        116.61713143737927,
        106.80491118562078,
        70.96650407237394,
        120.54000407851518,
        133.43244751980495,
        91.8084065087663,
        100.39000502010462,
        88.11922499033085,
        104.04559376080564,
        83.97608179978485,
        100.58460344418911,
        121.74172691713319,
        136.63211633678128,
        106.80324600560556,
        88.27327327738139,
        135.42509285989127,
        115.30919746712227,
        80.42435947932846,
        112.22822684392786,
        129.89103269625681,
        99.6199263517413,
        113.05346842210409,
        110.73421547894951,
        97.84929609155493,
        134.08786044349105,
        116.79281334980485,
        98.27164574646223,
        108.46660793997647,
        132.5697396516474,
        83.67160917133452,
        101.76577020683285,
        95.28509899546965,
        72.60058633248323
      ]
    },
    {
      "run_id": "kant_r8_run1_stim",
      "window_index": 0,
      "n_total": 100,
      "n_de": 53,
      "n_en": 36,
      "n_ja": 2,
      "n_other": 0,
      "n_dropped": 9,
      "mean_burrows": 113.35246100679585,
      "per_utt_burrows": [
        110.8823209165786,
        154.1427700611251,
        125.57771588029553,
        102.24799616540541,
        157.73687200556827,
        106.80324600560556,
        93.6495649972319,
        127.70168339971036,
        108.43258954508688,
        98.00999720725092,
        133.85086706760217,
        113.94574983877453,
        121.02754838004172,
        116.5057237957431,
        118.184104376966,
        94.51387149251246,
        124.4109720468073,
        99.59386765225307,
        118.14065620543383,
        116.61713143737927,
        80.26821554713209,
        106.80491118562078,
        190.45692711878863,
        154.8595604158541,
        113.76706980835418,
        91.8084065087663,
        77.73334837211257,
        74.77936267929562,
        136.051597390603,
        99.44866344533915,
        155.56506697487384,
        121.74172691713319,
        108.0507521176055,
        92.2406905333235,
        94.89524286435245,
        145.9917221777312,
        102.9284107540832,
        84.75940955613969,
        100.80327329564739,
        119.87405508436257,
        74.11987589845965,
        109.60605636860993,
        105.51974193773634,
        107.53004846086043,
        128.68586111783088,
        120.82499314630206,
        115.09836538840398,
        117.22783871760946,
        133.59954990089767,
        100.99995079386761,
        118.81876762210557,
        92.15362301064394,
        88.6920997723615
      ]
    },
    {
      "run_id": "kant_r8_run1_stim",
      "window_index": 1,
      "n_total": 100,
      "n_de": 54,
      "n_en": 36,
      "n_ja": 3,
      "n_other": 0,
      "n_dropped": 7,
      "mean_burrows": 121.40176167790267,