{
  "persona": "kant",
  "metric": "burrows_delta_de",
  "reference_persona": "kant",
  "reference_language": "de",
  "n_function_words": 49,
  "window_size": 100,
  "n_clusters": 2,
  "n_windows_with_de": 6,
  "lang_confidence_threshold": 0.85,
  "min_tokens": 5,
  "lang_routing_counts": {
    "total_utterances_seen": 600,
    "de": 328,
    "en_dropped": 212,
    "ja_dropped": 14,
    "other_dropped": 0,
    "low_confidence_dropped": 46,
    "de_fraction": 0.5466666666666666
  },
  "bootstrap": {
    "method": "hierarchical-cluster-only",
    "n_resamples": 2000,
    "ci": 0.95,
    "point": 115.61154481387241,
    "lo": 115.54219606515419,
    "hi": 115.68089356259061,
    "width": 0.138697497436425,
    "n": 6
  },
  "shards": [
    "kant_r4_run0_stim.duckdb",
    "kant_r4_run1_stim.duckdb"
  ],
  "per_window": [
    {
      "run_id": "kant_r4_run0_stim",
      "window_index": 0,
      "n_total": 100,
      "n_de": 56,
      "n_en": 35,
      "n_ja": 1,
      "n_other": 0,
      "n_dropped": 8,
      "mean_burrows": 113.10495272341298,
      "per_utt_burrows": [
        117.78739088011423,
        83.97608179978485,
        102.22511768249397,
        102.24799616540541,
        151.8042376161255,
        118.78712775907871,
        112.26692636914753,
        141.46255327179838,
        107.61992155331725,
        95.4645567619684,
        132.14490253393242,
        131.68608487450044,
        87.1207994704681,
        121.02754838004172,
        96.61161329710133,
        118.184104376966,
        107.93994726974572,
        88.5137750989028,
        139.6655233342873,
        116.79281334980485,
        116.61713143737927,
        116.61713143737927,
        104.47647703154296,
        107.85384154310357,
        113.76706980835418,
        109.97839568335694,
        95.52862220681203,
        88.6920997723615,
        98.42441637195334,
        105.98345532265259,
        92.92181721299764,
        124.41300008148418,
        184.88350317637662,
        92.84509349736811,
        93.66520301335012,
        167.8162839421233,
        106.57092035512827,
        122.41425447859643,
        159.1668925266907,
        80.96546892142828,
        95.05305014801274,
        98.1283908772236,
        111.44134111804013,
        114.60649714430055,
        132.60738792106076,
        134.08786044349105,
        85.23024642640279,
        96.05206378029764,
        104.47647703154296,
        70.96650407237394,
        190.45692711878863,
        133.59954990089767,
        83.78812336334833,
        109.97839568335694,
        85.38678416149969,
        131.08765365506602
      ]
    },
    {
      "run_id": "kant_r4_run0_stim",
      "window_index": 1,
      "n_total": 100,
      "n_de": 57,
      "n_en": 36,
      "n_ja": 1,
      "n_other": 0,
      "n_dropped": 6,
      "mean_burrows": 117.24592856084364,
      "per_utt_burrows": [
        98.42441637195334,
        95.64231377692191,
        96.12454391141925,
        121.74172691713319,
        165.39842068225568,
        92.2406905333235,
        145.0314716475833,
        156.8917966141448,
        123.41983904508805,
        92.57951779227,
        113.7309573145111,
        115.58835317672872,
        141.40078654618986,
        108.65574630488753,
        88.11296264280247,
        119.58753543894181,
        88.74487112647434,
        107.93994726974572,
        121.75895456701652,
        130.65405562677924,
        116.61713143737927,
        108.06923107754926,
        190.45692711878863,
        124.30062249211252,
        113.76706980835418,
        106.54218636079484,
        78.73925385995875,
        88.11922499033085,
        139.17109198773116,
        112.09191295665477,
        151.96893866607982,
        102.24799616540541,
        156.14098540398462,
        123.64567084177858,
        139.90022059366117,
        104.06819847484822,
        116.19619766852587,
        99.79679366712688,
        109.90293308341954,
        145.33654285701343,
        105.77679432484786,
        116.60677987364271,
        106.96040918863292,
        127.20022356841247,
        120.27167219366423,
        128.68586111783088,
        134.08786044349105,
        99.36528849054983,
        110.78655646222569,
        116.61713143737927,
        104.47947031966896,
        190.45692711878863,
        124.30062249211252,
        94.92548871168826,
        92.27763881379644,
        84.69180391439181,
        74.77936267929562
      ]
    },
    {
      "run_id": "kant_r4_run0_stim",
      "window_index": 2,
      "n_total": 100,
      "n_de": 53,
      "n_en": 35,
      "n_ja": 4,
      "n_other": 0,
      "n_dropped": 8,
      "mean_burrows": 116.69179940351529,
      "per_utt_burrows": [
        135.85186725285817,
        100.2444729112548,
        140.53521373659788,
        153.1295758858452,
        148.3498002744967,
        92.84509349736811,
        91.69275643857334,
        136.55190835401712,
        104.94580013907942,
        95.22669918411344,
        118.62404890505294,
        113.38387846904934,
        107.39804442020221,
        106.64104190226146,
        94.51387149251246,
        132.60738792106076,
        95.4962584181813,
        97.87803600715486,
        130.42854394921875,
        104.47947031966896,
        178.35192763220496,
        109.7400345033757,
        83.55624862321577,
        109.97839568335694,
        79.45282443067896,
        88.11922499033085,
        133.0992379181212,
        154.1427700611251,
        136.9061606808931,
        102.24799616540541,
        207.12104508410192,
        95.30756837422716,
        91.21365430073568,
        100.23971842478338,
        122.17234759322122,
        91.06823009063827,
        115.23860181962759,
        178.69672958618804,
        131.47380252017965,
        89.3066771610772,
        128.7234808574823,
        93.06304797457571,
        127.68823228202514,
        103.91640343200291,
        110.2058484880142,
        94.92658446862389,
        106.80491118562078,
        175.65581903646495,
        133.59954990089767,
        81.38316839829915,
        123.51067619110356,
        134.33009471666202,
        72.60058633248323
      ]
    },
    {
      "run_id": "kant_r4_run1_stim",
      "window_index": 0,
      "n_total": 100,
      "n_de": 54,
      "n_en": 34,
      "n_ja": 3,
      "n_other": 0,
      "n_dropped": 9,
      "mean_burrows": 119.01853098760964,