{
  "schema_version": "0.1.0-m9eval",
  "languages": {
    "de": {
      "function_words": [
        "der",
        "die",
        "das",
        "den",
        "dem",
        "des",
        "ein",
        "eine",
        "einen",
        "einer",
        "eines",
        "einem",
        "ich",
        "du",
        "er",
        "sie",
        "es",
        "wir",
        "ihr",
        "sich",
        "mich",
        "dich",
        "mir",
        "dir",
        "ihm",
        "ihn",
        "ihnen",
        "und",
        "oder",
        "aber",
        "denn",
        "weil",
        "dass",
        "daß",
        "wenn",
        "als",
        "wie",
        "von",
        "zu",
        "mit",
        "in",
        "auf",
        "an",
        "bei",
        "für",
        "über",
        "unter",
        "durch",
        "ohne"
      ],
      "background_mean": [
        0.029448275862068964,
        0.019517241379310345,
        0.01186206896551724,
        0.01103448275862069,
        0.006206896551724138,
        0.006482758620689655,
        0.010275862068965518,
        0.003172413793103448,
        0.002620689655172414,
        0.0012413793103448277,
        0.001586206896551724,
        0.0015172413793103448,
        0.015586206896551724,
        0.005517241379310345,
        0.012758620689655173,
        0.01103448275862069,
        0.010275862068965518,
        0.001310344827586207,
        0.006344827586206896,
        0.010275862068965518,
        0.002620689655172414,
        0.002206896551724138,
        0.004,
        0.0006206896551724138,
        0.0029655172413793106,
        0.0016551724137931034,
        0.0016551724137931034,
        0.044068965517241376,
        0.0025517241379310347,
        0.00903448275862069,
        0.003103448275862069,
        0.0011724137931034483,
        0.003379310344827586,
        0.0011724137931034483,
        0.003379310344827586,
        0.005586206896551724,
        0.002620689655172414,
        0.0058620689655172415,
        0.014275862068965518,
        0.0050344827586206896,
        0.008413793103448275,
        0.003793103448275862,
        0.004413793103448276,
        0.0012413793103448277,
        0.0026896551724137933,
        0.003103448275862069,
        0.0014482758620689656,
        0.0016551724137931034,
        0.0010344827586206897
      ],
      "background_std": [
        0.010927933858084004,
        0.006636475433776225,
        0.006146062030113459,
        0.005524133626069182,
        0.004528677285346759,
        0.0050008322731816,
        0.005722891430544757,
        0.0028535394297347864,
        0.0022956299278749292,
        0.0016949249279233805,
        0.002251700374802001,
        0.0018684437495371127,
        0.01115878265941014,
        0.007889848080593153,
        0.010081239566687782,
        0.008984595086613107,
        0.007925935392308216,
        0.0024226438717586617,
        0.0075761689075086675,
        0.0057469425257930095,
        0.0031118659786699247,
        0.004936697977427112,
        0.004425630677830192,
        0.0011865276230403623,
        0.0025526559342512753,
        0.0018246560765962695,
        0.0020388614481509633,
        0.014776334841348127,
        0.0033175209574636396,
        0.0045673712247719855,
        0.003546195898533087,
        0.0021345913849023673,
        0.0032421129030463887,
        0.002901473650753466,
        0.0024128076806256417,
        0.004795955489852058,
        0.0031558789485924277,
        0.004636616914199065,
        0.008299964901147799,
        0.0038460257913375687,
        0.0051025162243017695,
        0.0030329149554891065,
        0.0041482629632613975,
        0.001523498071336174,
        0.0025878155916267197,
        0.002496132561497084,
        0.0022831648768616344,
        0.001970049221666993,
        0.0015421158465515792
      ],
      "personas": {
        "kant": {
          "profile_freq": [
            0.03313253012048193,
            0.019954819277108432,
            0.009789156626506024,
            0.01016566265060241,
            0.004894578313253012,
            0.00677710843373494,
            0.012424698795180723,
            0.004518072289156626,
            0.0030120481927710845,
            0.0026355421686746986,
            0.004518072289156626,
            0.0011295180722891566,
            0.004141566265060241,
            0.0,
            0.012424698795180723,
            0.008659638554216868,
            0.009789156626506024,
            0.0015060240963855422,
            0.00338855421686747,
            0.013930722891566265,
            0.0018825301204819277,
            0.00037650602409638556,
            0.00037650602409638556,
            0.0,
            0.00338855421686747,
            0.0011295180722891566,
            0.0018825301204819277,
            0.020707831325301206,
            0.005271084337349397,
            0.009036144578313253,
            0.00338855421686747,
            0.0026355421686746986,
            0.0,
            0.006400602409638554,
            0.006024096385542169,
            0.00677710843373494,
            0.0011295180722891566,
            0.00941265060240964,
            0.02710843373493976,
            0.002259036144578313,
            0.012424698795180723,
            0.004518072289156626,
            0.0011295180722891566,
            0.0007530120481927711,
            0.004894578313253012,
            0.004894578313253012,
            0.0037650602409638554,
            0.004141566265060241,
            0.0026355421686746986
          ],
          "n_tokens": 2656
        },
        "nietzsche": {
          "profile_freq": [
            0.028745209131811365,
            0.019746708881853023,
            0.012164639226795533,
            0.011664722546242293,
            0.0064155974004332615,
            0.006498916847192135,
            0.009665055824029328,
            0.0028328611898017,
            0.0024995834027662055,
            0.0009165139143476087,
            0.0009165139143476087,
            0.001583069488418597,
            0.01799700049991668,
            0.0066655557407098815,
            0.012664555907348775,
            0.011664722546242293,
            0.010331611398100316,
            0.0012497917013831027,
            0.0069988335277453755,
            0.009331778036993834,
            0.0027495417430428264,
            0.002582902849525079,
            0.004832527912014664,
            0.0007498750208298617,
            0.0028328611898017,
            0.0017497083819363439,
            0.001583069488418597,
            0.048908515247458755,
            0.001916347275454091,
            0.008915180803199467,
            0.0030828195300783203,
            0.0008331944675887352,
            0.004082652891184802,
            0.0,
            0.0028328611898017,
            0.005332444592567906,
            0.0029161806365605733,
            0.005082486252291285,
            0.011498083652724546,
            0.0056657223796034,
            0.00758206965505749,
            0.0037493751041493086,
            0.005082486252291285,
            0.0013331111481419764,
            0.002249625062489585,
            0.002666222296283953,
            0.0009998333611064823,
            0.0010831528078653558,
            0.0006665555740709882
          ],
          "n_tokens": 12002
        },