{
  "thresholds": {
    "vendi_direction": "LoRA-on < no-LoRA",
    "icc_min_point": 0.6,
    "icc_min_lo": 0.6,
    "burrows_reduction_min": 0.1,
    "throughput_min_tok_s": 24.25
  },
  "rows": [
    {
      "label": "no-LoRA baseline",
      "vendi": {
        "method": "hierarchical-cluster-only",
        "n_resamples": 2000,
        "ci": 0.95,
        "point": 30.82174786280427,
        "lo": 30.726231617260332,
        "hi": 30.92824100164295,
        "width": 0.20200938438261673,
        "n": 25
      },
      "vendi_scores": [
        30.910262936880287,
        30.186475868187383,
        32.5573228812828,
        31.62261727830099,
        28.559396651619092,
        32.59037374826167,
        29.052269291183034,
        30.978120428499622,
        31.77322107874879,
        28.92979724465524,
        31.729410858535033,
        29.17723874516884,
        32.26743925692187,
        31.886526592016466,
        29.275224489441747,
        31.747298101481913,
        29.48455669068745,
        32.88760279460032,
        31.446932279698718,
        28.382356746524536,
        31.444499963783983,
        29.868221063749953,
        32.62921468658392,
        30.950622354467058,
        30.206694538826056
      ],
      "icc": {
        "point": 0.9980212738378781,
        "lo": 0.9973632557221506,
        "hi": 0.9987467748093528,
        "agreement_point": 0.9528206119785382,
        "agreement_lo": 0.9398821026060893,
        "agreement_hi": 0.968661851483261
      },
      "burrows": {
        "method": "hierarchical-cluster-only",
        "n_resamples": 2000,
        "ci": 0.95,
        "point": 108.5337029133786,
        "lo": 108.09964091834041,
        "hi": 109.01782844761529,
        "width": 0.9181875292748742,
        "n": 25
      },
      "burrows_means": [
        113.37006342878728,
        104.6858807649393,
        109.74499134820934,
        110.428419870017,
        105.59017269026664,
        108.47541761531932,
        108.90690204790671,
        112.80335783754046,
        106.33207780298721,
        104.26575813629937,
        111.64850687866996,
        107.24507000458404,
        107.68926356943031,
        106.55985684398165,
        106.03533093140754,
        114.40066893282241,
        104.92703857084643,
        114.4692481179094,
        104.86359945403983,
        108.33300836624377,
        109.21680789058118,
        107.61505800945929,
        110.45762711408253,
        107.67356845649924,
        107.60487815163508
      ],
      "throughput": NaN,
      "throughput_pass": null,
      "axes": {}
    },
    {
      "label": "rank=4",
      "vendi": {
        "method": "hierarchical-cluster-only",
        "n_resamples": 2000,
        "ci": 0.95,
        "point": 33.89540662175904,
        "lo": 33.84853044675801,
        "hi": 33.94228279676006,
        "width": 0.09375235000204896,
        "n": 6
      },
      "vendi_scores": [
        33.69190124768481,
        33.79905177222334,
        34.33589537037203,
        32.969502784679946,
        34.61242077404041,
        33.96366778155369
      ],
      "vendi_cohens_d": 2.3663096736266036,
      "vendi_axis1_pass": false,
      "icc": {
        "point": 0.9791549295774645,
        "lo": 0.9666325486182189,
        "hi": 0.9940526762956668,
        "agreement_point": 0.9042663891779386,
        "agreement_lo": 0.8545059717698149,
        "agreement_hi": 0.9704251386321627
      },
      "icc_axis2_pass": true,
      "burrows": {
        "method": "hierarchical-cluster-only",
        "n_resamples": 2000,
        "ci": 0.95,
        "point": 113.59483341605761,
        "lo": 113.2608798044928,
        "hi": 113.92878702762239,
        "width": 0.6679072231295891,
        "n": 6
      },
      "burrows_means": [
        114.52508012990036,
        112.77254947377061,
        114.48873147919622,
        113.16542857049862,
        113.65604418298695,
        112.96116665999286
      ],
      "burrows_reduction_point": -0.0466318790092173,
      "burrows_axis3_pass": false,
      "throughput": 33.82196587927735,
      "throughput_axis4_pass": true,
      "axes_pass_count": 2
    },
    {
      "label": "rank=8",
      "vendi": {
        "method": "hierarchical-cluster-only",
        "n_resamples": 2000,
        "ci": 0.95,
        "point": 34.70096800564424,
        "lo": 34.67318175937764,
        "hi": 34.72875425191085,
        "width": 0.05557249253320862,
        "n": 6
      },
      "vendi_scores": [
        34.6339644268245,
        34.747827344258404,
        34.80447098464963,
        33.96589214280738,
        35.560105708173225,
        34.49354742715233
      ],
      "vendi_cohens_d": 2.9951262848163775,
      "vendi_axis1_pass": false,
      "icc": {
        "point": 0.9843317972350227,
        "lo": 0.9795191388648676,
        "hi": 0.9945578231292516,
        "agreement_point": 0.921325051759833,
        "agreement_lo": 0.8989898989898986,
        "agreement_hi": 0.9698826244301579
      },
      "icc_axis2_pass": true,
      "burrows": {
        "method": "hierarchical-cluster-only",
        "n_resamples": 2000,
        "ci": 0.95,
        "point": 113.72272053877083,
        "lo": 113.31417590342473,
        "hi": 114.1312651741169,
        "width": 0.8170892706921791,
        "n": 6
      },
      "burrows_means": [
        115.84977878172029,
        110.02554789082534,
        116.5184688498051,
        110.75606080293909,
        116.49205215242263,
        112.69441475491244
      ],
      "burrows_reduction_point": -0.04781019615200645,
      "burrows_axis3_pass": false,
      "throughput": 33.76672936231317,
      "throughput_axis4_pass": true,
      "axes_pass_count": 2
    },
    {
      "label": "rank=16",
      "vendi": {
        "method": "hierarchical-cluster-only",
        "n_resamples": 2000,
        "ci": 0.95,
        "point": 33.68497524358837,
        "lo": 33.088144938570444,
        "hi": 34.28180554860629,
        "width": 1.193660610035849,
        "n": 6
      },
      "vendi_scores": [
        34.75883814686262,
        33.77438769668264,
        34.31219080227362,
        31.822440217587555,
        33.846798888338945,
        33.59519570978484
      ],
      "vendi_cohens_d": 2.1307375841798364,
      "vendi_axis1_pass": false,
      "icc": {
        "point": 0.9837145471180238,
        "lo": 0.9809885931558937,
        "hi": 0.9936442272835961,
        "agreement_point": 0.8977955911823648,
        "agreement_lo": 0.8794021294021287,
        "agreement_hi": 0.955563725490197
      },
      "icc_axis2_pass": true,
      "burrows": {
        "method": "hierarchical-cluster-only",
        "n_resamples": 2000,
        "ci": 0.95,
        "point": 112.56439023262556,
        "lo": 112.30656244878526,
        "hi": 112.82221801646585,
        "width": 0.5156555676805965,
        "n": 6
      },
      "burrows_means": [
        112.58105616533308,
        114.71383338851594,
        109.62479779250675,
        116.28665973740938,
        110.22164714101316,
        111.95834717097502
      ],
      "burrows_reduction_point": -0.03713765596354771,
      "burrows_axis3_pass": false,
      "throughput": 33.71895276690218,
      "throughput_axis4_pass": true,
      "axes_pass_count": 2
    }
  ]
}