{
  "persona": "kant",
  "metric": "burrows_delta_de",
  "reference_persona": "kant",
  "reference_language": "de",
  "n_function_words": 49,
  "window_size": 100,
  "n_clusters": 2,
  "n_windows_with_de": 6,
  "lang_confidence_threshold": 0.85,
  "min_tokens": 5,
  "lang_routing_counts": {
    "total_utterances_seen": 600,
    "de": 295,
    "en_dropped": 220,
    "ja_dropped": 19,
    "other_dropped": 0,
    "low_confidence_dropped": 66,
    "de_fraction": 0.49166666666666664
  },
  "bootstrap": {
    "method": "hierarchical-cluster-only",
    "n_resamples": 2000,
    "ci": 0.95,
    "point": 112.56439023262556,
    "lo": 112.30656244878526,
    "hi": 112.82221801646585,
    "width": 0.5156555676805965,
    "n": 6
  },
  "shards": [
    "kant_r16_run0_stim.duckdb",
    "kant_r16_run1_stim.duckdb"
  ],
  "per_window": [
    {
      "run_id": "kant_r16_run0_stim",
      "window_index": 0,
      "n_total": 100,
      "n_de": 47,
      "n_en": 38,
      "n_ja": 5,
      "n_other": 0,
      "n_dropped": 10,
      "mean_burrows": 112.58105616533308,
      "per_utt_burrows": [
        104.04559376080564,
        80.48466958164842,
        139.8775082389199,
        95.21254412311497,
        165.93930773642,
        95.30756837422716,
        102.72147948620962,
        143.63727987106978,
        136.32031541728264,
        106.22223622518509,
        99.71304876058755,
        95.22669918411344,
        116.50447053341063,
        140.51911420873998,
        93.06304797457571,
        99.29023154457667,
        104.47947031966896,
        124.30062249211252,
        143.03378392157407,
        83.67160917133452,
        109.48646459285892,
        77.73334837211257,
        88.11922499033085,
        133.53179131198965,
        90.51463924655528,
        144.98109532787174,
        115.98306122929682,
        159.29582385903424,
        94.42247044889,
        81.6403558411745,
        147.72624006103112,
        98.00999720725092,
        113.5573841887525,
        85.67324441335764,
        143.7273190803915,
        77.65167015851428,
        121.02754838004172,
        128.7234808574823,
        125.73607486460958,
        99.29023154457667,
        190.45692711878863,
        95.16310820653436,
        143.03378392157407,
        83.67160917133452,
        104.93385777444868,
        79.52906168594556,
        88.11922499033085
      ]
    },
    {
      "run_id": "kant_r16_run0_stim",
      "window_index": 1,
      "n_total": 100,
      "n_de": 49,
      "n_en": 36,
      "n_ja": 2,
      "n_other": 0,
      "n_dropped": 13,
      "mean_burrows": 114.71383338851594,
      "per_utt_burrows": [
        112.76042868173452,
        135.53915164711952,
        130.92871214661355,
        133.99577102502573,
        145.29411411423774,
        124.66167201573944,
        120.08224350514467,
        119.97190010080126,
        106.53725912314903,
        108.72307485617266,
        127.12269614848637,
        85.67324441335764,
        169.64310019939782,
        65.59175157827949,
        121.02754838004172,
        98.1283908772236,
        120.3292908873172,
        100.00117558547544,
        82.89856058952086,
        110.5032728429451,
        99.55780081109594,
        133.43244751980495,
        101.9391290962117,
        84.69180391439181,
        74.77936267929562,
        106.390393323779,
        100.78897543880404,
        142.6283121545165,
        119.8280877630689,
        148.3498002744967,
        137.60529470420684,
        173.48005337040422,
        115.7408925353733,
        93.87941501540797,
        112.79115781578301,
        108.32357130879367,
        105.28223153466922,
        140.3357797915839,
        114.78152779763916,
        116.60677987364271,
        111.20519448651312,
        128.7234808574823,
        107.93994726974572,
        116.2553227667774,
        145.09727186953336,
        109.11686175530006,
        83.49712610685124,
        93.73709280502872,
        74.77936267929562
      ]
    },
    {
      "run_id": "kant_r16_run0_stim",
      "window_index": 2,
      "n_total": 100,
      "n_de": 49,
      "n_en": 37,
      "n_ja": 4,
      "n_other": 0,
      "n_dropped": 10,
      "mean_burrows": 109.62479779250675,
      "per_utt_burrows": [
        109.69336947069043,
        93.32687283895824,
        139.3572099771655,
        121.74172691713319,
        160.01392748052297,
        102.32004386262949,
        100.0910357829871,
        117.49128137558756,
        99.8910342343039,
        97.54897561615691,
        128.99541723180263,
        85.67324441335764,
        143.7273190803915,
        79.32706883047034,
        78.95270346236832,
        125.48613981090662,
        120.82499314630206,
        102.5921130491558,
        106.80491118562078,
        90.87366815849204,
        143.03378392157407,
        113.76706980835418,
        101.29425583523837,
        65.59175157827949,
        88.11922499033085,
        145.05703744636344,
        90.51463924655528,
        88.11296264280247,
        121.74172691713319,
        148.3498002744967,
        98.38170780353818,
        113.71370057529944,
        100.32805469807253,
        101.18562072367686,
        101.95244833705566,
        117.8541540359315,
        96.13137087805714,
        114.56655660249962,
        74.11987589845965,
        121.02754838004172,
        135.33275910008095,
        132.60738792106076,
        115.33412218471756,
        110.5032728429451,
        133.59954990089767,
        113.76706980835418,
        99.89932471130803,
        96.40678963793553,
        84.58846920676896
      ]
    },
    {
      "run_id": "kant_r16_run1_stim",
      "window_index": 0,
      "n_total": 100,
      "n_de": 53,
      "n_en": 37,
      "n_ja": 1,
      "n_other": 0,
      "n_dropped": 9,
      "mean_burrows": 116.28665973740938,
      "per_utt_burrows": [
        152.95631824214271,
        104.92330694815789,
        136.16725393115874,
        119.46026295431416,
        145.29411411423774,
        98.38170780353818,
        108.72280513630423,
        148.1874949104436,
        128.14426742006583,
        91.06823009063827,
        105.91718911874551,
        96.13137087805714,
        163.7189543366819,
        65.59175157827949,
        87.13754395744965,
        112.8721655291358,
        128.25483624066206,
        120.1086229023864,
        134.33209455140204,
        110.5032728429451,
        108.18225614499049,
        143.03378392157407,
        133.43244751980495,
        123.73035478017601,
        131.08393234338118,
        72.60058633248323,
        110.8823209165786,
        125.32321577946047,
        112.37041587431717,
        88.66360326814514,
        156.14098540398462,
        98.38170780353818,
        112.26692636914753,
        150.59340153646988,
        103.4619575788839,
        87.9695643005718,
        132.9735586130596,
        127.22996786513393,
        125.91024956239912,
        105.77679432484786,
        90.0160072449425,
        94.43384301376416,
        119.58753543894181,
        107.93994726974572,
        99.29023154457667,
        105.82896882116044,
        83.78812336334833,
        190.45692711878863,
        124.30062249211252,
        134.1509042565253,
        123.73035478017601,
        99.3828271197828,
        82.40507989313902
      ]
    },
    {
      "run_id": "kant_r16_run1_stim",
      "window_index": 1,
      "n_total": 100,
      "n_de": 51,
      "n_en": 35,
      "n_ja": 2,
      "n_other": 0,
      "n_dropped": 12,
      "mean_burrows": 110.22164714101316,