{
  "persona": "kant",
  "metric": "burrows_delta_de",
  "reference_persona": "kant",
  "reference_language": "de",
  "n_function_words": 49,
  "window_size": 100,
  "n_clusters": 2,
  "n_windows_with_de": 6,
  "lang_confidence_threshold": 0.85,
  "min_tokens": 5,
  "lang_routing_counts": {
    "total_utterances_seen": 600,
    "de": 300,
    "en_dropped": 215,
    "ja_dropped": 17,
    "other_dropped": 0,
    "low_confidence_dropped": 68,
    "de_fraction": 0.5
  },
  "bootstrap": {
    "method": "hierarchical-cluster-only",
    "n_resamples": 2000,
    "ci": 0.95,
    "point": 113.72272053877083,
    "lo": 113.31417590342473,
    "hi": 114.1312651741169,
    "width": 0.8170892706921791,
    "n": 6
  },
  "shards": [
    "kant_r8_run0_stim.duckdb",
    "kant_r8_run1_stim.duckdb"
  ],
  "per_window": [
    {
      "run_id": "kant_r8_run0_stim",
      "window_index": 0,
      "n_total": 100,
      "n_de": 50,
      "n_en": 35,
      "n_ja": 2,
      "n_other": 0,
      "n_dropped": 13,
      "mean_burrows": 115.84977878172029,
      "per_utt_burrows": [
        123.9630688676301,
        108.08758955520975,
        136.90333679689726,
        121.74172691713319,
        158.5378124823687,
        98.41845824794224,
        113.07141946561038,
        168.18116137030074,
        110.7448474391596,
        92.57951779227,
        125.5905090969516,
        98.74590249423201,
        130.98108836606426,
        103.10857480239588,
        128.7234808574823,
        107.93994726974572,
        124.33523075203843,
        116.61713143737927,
        104.47647703154296,
        70.96650407237394,
        118.81524580091626,
        143.03378392157407,
        124.44028258531056,
        114.14578809435618,
        86.74442499569223,
        87.77178866396268,
        110.8823209165786,
        109.09635734083531,
        174.35651886516786,
        119.46026295431416,
        101.5978225004762,
        108.72280513630423,
        143.63727987106978,
        106.53725912314903,
        121.16240187596688,
        96.88080678206215,
        88.94826613897554,
        105.99941940243274,
        85.83344618220596,
        91.72301930795395,
        146.3155182139506,
        125.73607486460958,
        95.6782434950164,
        114.70171643768263,
        190.45692711878863,
        104.20379217961276,
        113.76706980835418,
        123.73035478017601,
        111.99107672065259,
        82.40507989313902
      ]
    },
    {
      "run_id": "kant_r8_run0_stim",
      "window_index": 1,
      "n_total": 100,
      "n_de": 52,
      "n_en": 37,
      "n_ja": 2,
      "n_other": 0,
      "n_dropped": 9,
      "mean_burrows": 110.02554789082534,
      "per_utt_burrows": [
        104.50960439863991,
        93.32687283895824,
        92.65876814062469,
        104.5629563426932,
        148.3498002744967,
        110.39975569231311,
        92.37258778360157,
        168.18116137030074,
        114.40139092262457,
        98.10235276476648,
        110.39453855042494,
        105.28223153466922,
        129.52769838740863,
        76.27134799139264,
        121.02754838004172,
        97.51197927328357,
        133.629557939834,
        93.06304797457571,
        91.54184741310029,
        125.83569965441943,
        77.73334837211257,
        124.22760453068007,
        113.76706980835418,
        116.90739771064673,
        89.52388124000034,
        88.11922499033085,
        80.42435947932846,
        81.10412788859871,
        136.16725393115874,
        121.74172691713319,
        156.14098540398462,
        112.64462957374614,
        181.48391503987804,
        112.1473738750014,
        97.16618783788144,
        91.06823009063827,
        100.18028784704175,
        85.67324441335764,
        132.9382007021431,
        161.44699011041473,
        78.95270346236832,
        100.28793360117888,
        125.73607486460958,
        106.59386011864441,
        110.5032728429451,
        190.45692711878863,
        102.11555262644937,
        87.9062056742147,
        113.76706980835418,
        95.25976490400078,
        65.59175157827949,
        72.60058633248323
      ]
    },
    {
      "run_id": "kant_r8_run0_stim",
      "window_index": 2,
      "n_total": 100,
      "n_de": 52,
      "n_en": 34,
      "n_ja": 4,
      "n_other": 0,
      "n_dropped": 10,
      "mean_burrows": 116.5184688498051,
      "per_utt_burrows": [
        133.53179131198965,
        93.32687283895824,
        107.56391086030953,
        119.46026295431416,
        133.8865863099882,
        118.46165670415917,
        112.26692636914753,
        162.16738009649308,
        96.29099275125378,
        90.08821823986321,
        112.3342207394816,
        105.28223153466922,
        143.7273190803915,
        95.23061374057616,
        109.52160802404266,
        146.1414902644285,
        120.82499314630206,
        111.07850361576526,
        108.06923107754926,
        115.90601463788796,
        143.03378392157407,
        133.43244751980495,
        105.36412530245678,
        65.59175157827949,
        95.87769128584401,
        151.02089967240755,
        83.97608179978485,
        143.16799156937805,
        125.7619974402849,
        148.3498002744967,
        99.97617996068277,
        181.48391503987804,
        99.20540112227522,
        114.40139092262457,
        105.92450575081082,
        107.53189319168884,
        176.481118053101,
        146.88112371154511,
        99.91780511136358,
        101.89854499430886,
        98.1283908772236,
        128.25483624066206,
        97.01483957949435,
        110.78655646222569,
        79.18344888528884,
        70.96650407237394,
        190.45692711878863,
        118.40476250686228,
        113.76706980835418,
        86.21205281917658,
        126.56635661995813,
        74.77936267929562
      ]
    },
    {
      "run_id": "kant_r8_run1_stim",
      "window_index": 0,
      "n_total": 100,
      "n_de": 50,
      "n_en": 36,
      "n_ja": 3,
      "n_other": 0,
      "n_dropped": 11,
      "mean_burrows": 110.75606080293909,
      "per_utt_burrows": [
        103.52242890017648,
        97.87231871223838,
        88.11296264280247,
        95.21254412311497,
        157.24890478892837,
        92.84509349736811,
        85.70726271080864,
        168.18116137030074,
        137.29210551935302,
        102.92745923450494,
        121.64989117121732,
        93.20577293105524,
        99.46870641973698,
        76.27134799139264,
        102.48538420473233,
        150.67473269193167,
        135.67112936390677,
        79.54905418012407,
        110.5032728429451,
        99.19330003465805,
        143.03378392157407,
        113.76706980835418,
        86.21205281917658,
        65.59175157827949,
        88.11922499033085,
        108.75434864386958,
        135.53915164711952,
        134.47074530028382,
        118.83638848583021,
        148.3498002744967,
        112.92247865205023,
        130.60528485808754,
        120.671457820632,
        99.79679366712688,
        127.09744332572406,
        123.51641640905858,
        147.67230299073756,
        111.98953677244337,
        121.02754838004172,
        98.1283908772236,
        128.7234808574823,
        90.04153690105582,
        90.99588690538353,
        95.4292115345203,
        71.25056229498439,
        143.03378392157407,
        104.98717501826943,
        115.5681165804135,
        89.29711890023633,
        74.77936267929562
      ]
    },
    {
      "run_id": "kant_r8_run1_stim",
      "window_index": 1,
      "n_total": 100,
      "n_de": 46,
      "n_en": 37,
      "n_ja": 3,
      "n_other": 0,
      "n_dropped": 14,
      "mean_burrows": 116.49205215242263,