{
  "persona": "kant",
  "metric": "burrows_delta_de",
  "reference_persona": "kant",
  "reference_language": "de",
  "n_function_words": 49,
  "window_size": 100,
  "n_clusters": 2,
  "n_windows_with_de": 6,
  "lang_confidence_threshold": 0.85,
  "min_tokens": 5,
  "lang_routing_counts": {
    "total_utterances_seen": 600,
    "de": 294,
    "en_dropped": 218,
    "ja_dropped": 19,
    "other_dropped": 0,
    "low_confidence_dropped": 69,
    "de_fraction": 0.49
  },
  "bootstrap": {
    "method": "hierarchical-cluster-only",
    "n_resamples": 2000,
    "ci": 0.95,
    "point": 113.59483341605761,
    "lo": 113.2608798044928,
    "hi": 113.92878702762239,
    "width": 0.6679072231295891,
    "n": 6
  },
  "shards": [
    "kant_r4_run0_stim.duckdb",
    "kant_r4_run1_stim.duckdb"
  ],
  "per_window": [
    {
      "run_id": "kant_r4_run0_stim",
      "window_index": 0,
      "n_total": 100,
      "n_de": 52,
      "n_en": 36,
      "n_ja": 3,
      "n_other": 0,
      "n_dropped": 9,
      "mean_burrows": 114.52508012990036,
      "per_utt_burrows": [
        139.17109198773116,
        94.45711091598109,
        112.37041587431717,
        95.21254412311497,
        139.17572581248666,
        104.72521794193405,
        108.7044234505834,
        127.87927344803977,
        118.27573093932797,
        114.45926852331718,
        99.16105385050794,
        85.67324441335764,
        143.7273190803915,
        125.60585035281748,
        149.96974554844567,
        159.99028493177568,
        120.1086229023864,
        111.07850361576526,
        104.47647703154296,
        190.45692711878863,
        133.59954990089767,
        143.03378392157407,
        112.2249784603803,
        118.73352725301595,
        74.26660057611471,
        88.11922499033085,
        133.53179131198965,
        135.53915164711952,
        151.72464742193463,
        121.74172691713319,
        140.56191583206905,
        98.38170780353818,
        90.18628671361748,
        136.55190835401712,
        93.87941501540797,
        91.06823009063827,
        102.98138055313687,
        74.88002475787091,
        106.63401437735422,
        74.11987589845965,
        149.96974554844567,
        102.22660482607199,
        137.4812500534134,
        128.61550447028785,
        101.0892287635589,
        108.06923107754926,
        95.72953372617609,
        107.19866187723285,
        83.67160917133452,
        123.73035478017601,
        68.67878890822091,
        82.40507989313902
      ]
    },
    {
      "run_id": "kant_r4_run0_stim",
      "window_index": 1,
      "n_total": 100,
      "n_de": 48,
      "n_en": 38,
      "n_ja": 2,
      "n_other": 0,
      "n_dropped": 12,
      "mean_burrows": 112.77254947377061,
      "per_utt_burrows": [
        104.50960439863991,
        99.932491109101,
        104.5629563426932,
        152.331175153342,
        92.2406905333235,
        115.61989766568114,
        141.61094887313314,
        110.7448474391596,
        98.13910320917054,
        118.27418113538509,
        105.28223153466922,
        143.7273190803915,
        122.02900390758344,
        140.51911420873998,
        119.58753543894181,
        100.00117558547544,
        99.02774990441318,
        104.47647703154296,
        190.45692711878863,
        133.59954990089767,
        103.27073711690488,
        91.8084065087663,
        70.66166823545542,
        74.77936267929562,
        139.17109198773116,
        92.80378518474367,
        128.62660244315163,
        121.74172691713319,
        110.20159433786999,
        96.60133901859986,
        108.7044234505834,
        139.9379813225388,
        93.13708970067599,
        132.9735586130596,
        78.52649621785609,
        113.95399550681157,
        90.94078212450061,
        122.76571741135875,
        140.4185323727436,
        120.1086229023864,
        90.12133880338521,
        116.61713143737927,
        110.5032728429451,
        133.59954990089767,
        84.33254003451488,
        99.39947903695877,
        111.99107672065259,
        98.71149234101647
      ]
    },
    {
      "run_id": "kant_r4_run0_stim",
      "window_index": 2,
      "n_total": 100,
      "n_de": 49,
      "n_en": 36,
      "n_ja": 3,
      "n_other": 0,
      "n_dropped": 12,
      "mean_burrows": 114.48873147919622,
      "per_utt_burrows": [
        108.04231369734669,
        100.2444729112548,
        99.932491109101,
        128.89717970512302,
        176.22983010003276,
        100.84739381991398,
        173.48005337040422,
        135.42509285989127,
        128.14426742006583,
        90.08821823986321,
        100.80327329564739,
        85.67324441335764,
        122.39981131580792,
        74.11987589845965,
        119.6554436558612,
        119.58753543894181,
        120.82499314630206,
        99.29023154457667,
        116.61713143737927,
        101.93555099572194,
        190.45692711878863,
        73.50985811902258,
        143.03378392157407,
        103.27073711690488,
        95.58391331203455,
        133.09029967003835,
        82.40507989313902,
        117.6634372650754,
        83.97608179978485,
        148.88288261695175,
        101.58087391716616,
        148.3498002744967,
        92.37258778360157,
        122.02323945580919,
        168.18116137030074,
        80.42435947932846,
        132.9735586130596,
        110.37228994403347,
        90.94078212450061,
        93.16404646883353,
        128.68525607279622,
        125.48613981090662,
        93.06304797457571,
        120.17790475703424,
        133.59954990089767,
        103.12182682996668,
        119.00234473829632,
        73.6061754156274,
        98.71149234101647
      ]
    },
    {
      "run_id": "kant_r4_run1_stim",
      "window_index": 0,
      "n_total": 100,
      "n_de": 51,
      "n_en": 34,
      "n_ja": 2,
      "n_other": 0,
      "n_dropped": 13,
      "mean_burrows": 113.16542857049862,
      "per_utt_burrows": [
        108.04231369734669,
        90.51463924655528,
        106.96040918863292,
        121.74172691713319,
        145.29411411423774,
        98.38170780353818,
        115.61989766568114,
        145.9917221777312,
        151.41361346685386,
        112.85688907043217,
        116.84550619642067,
        75.35561078033106,
        149.09039297633637,
        76.27134799139264,
        92.04930972724978,
        148.34691440589816,
        116.1800279530339,
        120.82499314630206,
        115.95422654470542,
        116.61713143737927,
        104.47647703154296,
        190.45692711878863,
        111.94794907857674,
        143.03378392157407,
        88.09804788504802,
        104.18863412525747,
        78.73925385995875,
        93.42335167641492,
        111.35050126344771,
        77.19768352406591,
        149.8750773049358,
        121.74172691713319,
        145.29411411423774,
        114.1162977156496,
        148.1874949104436,
        119.61650419511172,
        93.87941501540797,
        122.8046915499259,
        85.67324441335764,
        143.7273190803915,
        65.59175157827949,
        91.38711927243415,
        120.3292908873172,
        107.93994726974572,
        134.08786044349105,
        104.47647703154296,
        120.14040828020147,
        110.02582579674139,
        96.89164923228977,
        73.6061754156274,
        74.77936267929562
      ]
    },
    {
      "run_id": "kant_r4_run1_stim",
      "window_index": 1,
      "n_total": 100,
      "n_de": 48,
      "n_en": 37,
      "n_ja": 3,
      "n_other": 0,
      "n_dropped": 12,
      "mean_burrows": 113.65604418298695,