{"agora":[0.0,0.0,33.333333],"chashitsu":[33.333333,0.0,-33.333333],"garden":[33.333333,0.0,33.333333],"peripatos":[0.0,0.0,0.0],"study":[-33.333333,0.0,-33.333333],"world_size_m":100.0}
