{
  "persona": "kant",
  "metric": "burrows_delta_de",
  "reference_persona": "kant",
  "reference_language": "de",
  "n_function_words": 49,
  "window_size": 100,
  "n_clusters": 2,
  "n_windows_with_de": 6,
  "lang_confidence_threshold": 0.85,
  "min_tokens": 5,
  "lang_routing_counts": {
    "total_utterances_seen": 600,
    "de": 324,
    "en_dropped": 213,
    "ja_dropped": 19,
    "other_dropped": 0,
    "low_confidence_dropped": 44,
    "de_fraction": 0.54
  },
  "bootstrap": {
    "method": "hierarchical-cluster-only",
    "n_resamples": 2000,
    "ci": 0.95,
    "point": 114.60777995370626,
    "lo": 113.65786098227092,
    "hi": 115.55769892514157,
    "width": 1.8998379428706471,
    "n": 6
  },
  "shards": [
    "kant_r8v2_run0_stim.duckdb",
    "kant_r8v2_run1_stim.duckdb"
  ],
  "per_window": [
    {
      "run_id": "kant_r8v2_run0_stim",
      "window_index": 0,
      "n_total": 100,
      "n_de": 54,
      "n_en": 35,
      "n_ja": 3,
      "n_other": 0,
      "n_dropped": 8,
      "mean_burrows": 114.39976319570022,
      "per_utt_burrows": [
        99.85841516561956,
        83.97608179978485,
        153.1811227793406,
        121.74172691713319,
        117.28367498426205,
        92.47614975973008,
        120.3321680364842,
        100.32805469807253,
        101.18562072367686,
        96.71622611456051,
        109.3481310280891,
        140.3357797915839,
        74.77936267929562,
        111.04449352425922,
        118.08916147305469,
        109.05295547180945,
        90.04153690105582,
        104.74799851824257,
        118.37165608816201,
        125.9734600028431,
        106.80491118562078,
        70.96650407237394,
        190.45692711878863,
        133.59954990089767,
        119.33351491598188,
        109.97839568335694,
        100.39000502010462,
        88.11922499033085,
        95.72418953764912,
        109.6199205556535,
        104.29150589017974,
        112.29481751204816,
        156.42293624495954,
        112.26711346888366,
        100.0910357829871,
        147.98196363171624,
        114.40139092262457,
        102.01344342389271,
        105.35920069776554,
        128.91830248132595,
        137.36247041497543,
        98.1283908772236,
        148.9530895704406,
        116.95995487789027,
        132.60738792106076,
        113.10509130559547,
        111.07850361576526,
        116.61713143737927,
        190.45692711878863,
        133.59954990089767,
        106.68334732804328,
        112.01227113306784,
        89.52388124000034,
        72.60058633248323
      ]
    },
    {
      "run_id": "kant_r8v2_run0_stim",
      "window_index": 1,
      "n_total": 100,
      "n_de": 56,
      "n_en": 35,
      "n_ja": 2,
      "n_other": 0,
      "n_dropped": 7,
      "mean_burrows": 116.10642881725725,
      "per_utt_burrows": [
        117.78739088011423,
        73.27647110505016,
        130.00759416769586,
        121.74172691713319,
        184.67281380449884,
        92.84509349736811,
        139.92986817774252,
        97.45761318689785,
        129.29493156497168,
        104.0833824232597,
        126.55304337613775,
        124.68215831626962,
        77.65167015851428,
        137.36247041497543,
        98.18812634862947,
        128.25483624066206,
        104.74799851824257,
        168.93952309036808,
        102.66526627819891,
        134.08786044349105,
        95.85386732112784,
        70.96650407237394,
        104.78573955895304,
        113.76706980835418,
        96.89164923228977,
        96.18413921845084,
        104.46737991282879,
        122.46308671769769,
        109.83313240863004,
        128.62660244315163,
        90.81949740568108,
        124.3129837891279,
        106.80324600560556,
        148.49080333789033,
        168.18116137030074,
        104.30254297542672,
        104.60414973792288,
        132.32091555187975,
        124.68215831626962,
        80.96546892142828,
        78.95270346236832,
        172.8149778473153,
        106.64104190226146,
        116.97835792823668,
        128.68586111783088,
        118.31654934887959,
        110.2058484880142,
        116.61713143737927,
        115.30919746712227,
        106.80491118562078,
        190.45692711878863,
        133.59954990089767,
        113.76706980835418,
        91.8084065087663,
        88.50742684993472,
        88.94211637902504
      ]
    },
    {
      "run_id": "kant_r8v2_run0_stim",
      "window_index": 2,
      "n_total": 100,
      "n_de": 54,
      "n_en": 36,
      "n_ja": 4,
      "n_other": 0,
      "n_dropped": 6,
      "mean_burrows": 116.16690476246725,
      "per_utt_burrows": [
        63.07768594614616,
        120.06646180718013,
        165.1623824951545,
        102.24799616540541,
        157.543348543384,
        110.39520654883765,
        123.01299617605494,
        167.8162839421233,
        108.43258954508688,
        95.22669918411344,
        100.18028784704175,
        91.54184741310029,
        118.184104376966,
        150.36897037877327,
        132.60738792106076,
        95.4962584181813,
        116.2553227667774,
        101.28812377836674,
        80.79338602157287,
        105.7944317701046,
        190.45692711878863,
        95.72953372617609,
        112.96674319331977,
        118.81876762210557,
        85.25104555009233,
        72.60058633248323,
        142.15600512481427,
        135.53915164711952,
        88.11296264280247,
        115.84804205686352,
        141.44224314348307,
        106.80324600560556,
        171.49908619291318,
        111.0891573768312,
        95.97219960046012,
        121.26854424839934,
        130.51288250847236,
        143.7273190803915,
        195.75811263212918,
        121.02754838004172,
        106.54089069329856,
        114.6302289414709,
        75.5316120116632,
        88.74487112647434,
        116.2553227667774,
        94.63762387211693,
        116.61713143737927,
        88.11296264280247,
        190.45692711878863,
        89.7853791040267,
        91.64688144591717,
        109.97839568335694,
        92.7267055070101,
        95.27604959342568
      ]
    },
    {
      "run_id": "kant_r8v2_run1_stim",
      "window_index": 0,
      "n_total": 100,
      "n_de": 51,
      "n_en": 36,
      "n_ja": 5,
      "n_other": 0,
      "n_dropped": 8,
      "mean_burrows": 113.29532248320092,
      "per_utt_burrows": [
        118.53132345524631,
        144.95355329010133,
        91.0782467753686,
        103.02704359764857,
        151.00825921142953,
        112.26692636914753,
        143.63727987106978,
        88.11296264280247,
        91.06823009063827,
        111.7555775282696,
        131.00369916623947,
        84.4602581083126,
        116.60677987364271,
        135.41044881836095,
        119.58753543894181,
        118.96489719033372,
        134.33209455140204,
        116.79281334980485,
        131.65866765048153,
        70.96650407237394,
        178.35192763220496,
        92.14258875073757,
        113.76706980835418,
        106.65721138099178,
        133.09029967003835,
        91.71249148188163,
        110.8823209165786,
        81.76386457991946,
        88.11296264280247,
        121.74172691713319,
        148.3498002744967,
        123.40765277399082,
        103.71777139423395,
        152.85426786364087,
        114.87985650189486,
        108.72307485617266,
        132.9735586130596,
        120.4475939751551,
        78.95270346236832,
        153.46924530423865,
        128.45637495992807,
        83.36339076809931,
        118.10575555573611,
        97.67956407338436,
        129.49059563926457,
        106.80491118562078,
        95.16310820653436,
        83.78812336334833,
        96.89164923228977,
        84.69180391439181,
        82.40507989313902
      ]
    },
    {
      "run_id": "kant_r8v2_run1_stim",
      "window_index": 1,
      "n_total": 100,
      "n_de": 55,
      "n_en": 35,
      "n_ja": 1,
      "n_other": 0,