{
  "persona": "kant",
  "metric": "burrows_delta_de",
  "reference_persona": "kant",
  "reference_language": "de",
  "n_function_words": 49,
  "window_size": 100,
  "n_clusters": 2,
  "n_windows_with_de": 6,
  "lang_confidence_threshold": 0.85,
  "min_tokens": 5,
  "lang_routing_counts": {
    "total_utterances_seen": 600,
    "de": 315,
    "en_dropped": 214,
    "ja_dropped": 25,
    "other_dropped": 0,
    "low_confidence_dropped": 46,
    "de_fraction": 0.525
  },
  "bootstrap": {
    "method": "hierarchical-cluster-only",
    "n_resamples": 2000,
    "ci": 0.95,
    "point": 112.51799796046289,
    "lo": 110.2563263523143,
    "hi": 114.7796695686115,
    "width": 4.523343216297192,
    "n": 6
  },
  "shards": [
    "kant_planb_nolora_run0_stim.duckdb",
    "kant_planb_nolora_run1_stim.duckdb"
  ],
  "per_window": [
    {
      "run_id": "kant_planb_nolora_run0_stim",
      "window_index": 0,
      "n_total": 100,
      "n_de": 54,
      "n_en": 36,
      "n_ja": 4,
      "n_other": 0,
      "n_dropped": 6,
      "mean_burrows": 118.653769874975,
      "per_utt_burrows": [
        103.83795292860023,
        109.61090172701438,
        165.1623824951545,
        121.74172691713319,
        184.88350317637662,
        92.92366669386914,
        138.96186883169074,
        105.75617707251689,
        80.42435947932846,
        100.18028784704175,
        122.05367427709952,
        74.77936267929562,
        116.60677987364271,
        132.7522107866839,
        163.41758377047543,
        148.65837323947537,
        135.67112936390677,
        116.2553227667774,
        118.14065620543383,
        116.61713143737927,
        95.85386732112784,
        190.45692711878863,
        133.59954990089767,
        113.76706980835418,
        110.65257393385849,
        96.18413921845084,
        88.11922499033085,
        139.17109198773116,
        120.06646180718013,
        88.11296264280247,
        95.21254412311497,
        147.60386888055305,
        135.13358341742273,
        106.55135446485676,
        145.9917221777312,
        128.0022789990718,
        99.79679366712688,
        132.9735586130596,
        120.4475939751551,
        78.95270346236832,
        101.40587646968267,
        118.184104376966,
        132.60738792106076,
        120.82499314630206,
        113.51962331218604,
        113.44579792909248,
        110.5032728429451,
        70.96650407237394,
        190.45692711878863,
        132.5697396516474,
        103.27073711690488,
        109.97839568335694,
        82.77280004658242,
        91.71249148188163
      ]
    },
    {
      "run_id": "kant_planb_nolora_run0_stim",
      "window_index": 1,
      "n_total": 100,
      "n_de": 53,
      "n_en": 36,
      "n_ja": 3,
      "n_other": 0,
      "n_dropped": 8,
      "mean_burrows": 112.07013607574416,
      "per_utt_burrows": [
        101.4479230064274,
        101.9737284633429,
        136.7560084033155,
        119.46026295431416,
        148.3498002744967,
        92.84509349736811,
        103.71777139423395,
        113.79157195829224,
        88.11296264280247,
        107.55265411701927,
        127.09744332572406,
        139.6185521236466,
        90.25223550958862,
        104.58672148237322,
        113.88130462341178,
        88.74487112647434,
        105.48877541413675,
        104.13241525756827,
        149.2315517357277,
        105.7944317701046,
        119.26340024776502,
        113.76706980835418,
        96.89164923228977,
        100.22212722575483,
        70.96650407237394,
        133.53179131198965,
        107.70873369779572,
        106.96040918863292,
        118.77945030349963,
        157.55366370645666,
        110.39520654883765,
        100.80892603100487,
        109.29349010652508,
        93.87941501540797,
        98.00999720725092,
        100.18028784704175,
        143.7273190803915,
        85.83344618220596,
        91.72301930795395,
        102.74384038840685,
        108.34120858259035,
        120.1086229023864,
        128.68586111783088,
        121.65181216716469,
        134.08786044349105,
        116.61713143737927,
        106.04044522528167,
        190.45692711878863,
        103.55456902653737,
        83.67160917133452,
        118.81876762210557,
        118.01810240247372,
        84.58846920676896
      ]
    },
    {
      "run_id": "kant_planb_nolora_run0_stim",
      "window_index": 2,
      "n_total": 100,
      "n_de": 52,
      "n_en": 35,
      "n_ja": 6,
      "n_other": 0,
      "n_dropped": 7,
      "mean_burrows": 113.61510275511536,
      "per_utt_burrows": [
        133.80016169265602,
        93.32687283895824,
        151.6289045562679,
        119.46026295431416,
        134.07520277854553,
        95.30756837422716,
        94.6711740152364,
        141.61094887313314,
        102.79962602220073,
        95.4645567619684,
        122.3602897074003,
        126.35599625390306,
        103.63497312639797,
        122.01268066578724,
        128.68586111783088,
        111.61563400312275,
        111.91702572934595,
        116.61713143737927,
        104.47947031966896,
        190.45692711878863,
        88.72967319205083,
        82.67390247460303,
        119.9555808878828,
        147.1758504814482,
        74.77936267929562,
        108.04231369734669,
        86.66728009201327,
        95.23528601819802,
        121.74172691713319,
        147.60386888055305,
        74.77936267929562,
        105.79455830001311,
        143.63727987106978,
        100.62939049931178,
        89.23001138287322,
        100.18028784704175,
        133.95981811910895,
        112.51689298575708,
        121.02754838004172,
        125.48613981090662,
        101.3207755591494,
        114.60649714430055,
        116.2553227667774,
        117.24846054853474,
        116.81041853675487,
        88.11296264280247,
        190.45692711878863,
        102.11555262644937,
        113.61716298745634,
        91.8084065087663,
        83.65034164374646,
        91.85511163939496
      ]
    },
    {
      "run_id": "kant_planb_nolora_run1_stim",
      "window_index": 0,
      "n_total": 100,
      "n_de": 50,
      "n_en": 35,
      "n_ja": 5,
      "n_other": 0,
      "n_dropped": 10,
      "mean_burrows": 111.8038672353189,
      "per_utt_burrows": [
        95.72418953764912,
        90.59198243111967,
        114.37645147841856,
        148.3498002744967,
        100.84739381991398,
        112.26692636914753,
        168.18116137030074,
        105.66797223214763,
        90.08821823986321,
        97.97755746640179,
        132.48661542116514,
        80.96546892142828,
        121.02754838004172,
        114.94098836096558,
        118.184104376966,
        120.82499314630206,
        120.1086229023864,
        103.40681155743579,
        113.51962331218604,
        104.47947031966896,
        105.84237151936009,
        113.76706980835418,
        118.81876762210557,
        99.3828271197828,
        74.77936267929562,
        112.76042868173452,
        104.35633791651195,
        164.46773236100822,
        121.74172691713319,
        141.27847657822002,
        101.88911270774649,
        99.77606081214003,
        94.42775318476538,
        116.19619766852587,
        105.92450575081082,
        121.23963521286566,
        121.76508306701112,
        109.52160802404266,
        88.11296264280247,
        113.95191964912888,
        116.95995487789027,
        128.68586111783088,
        121.75895456701652,
        137.97608711774475,
        110.5032728429451,
        89.91382952940468,
        131.22685954505855,
        118.81876762210557,
        77.73334837211257,
        72.60058633248323
      ]
    },
    {
      "run_id": "kant_planb_nolora_run1_stim",
      "window_index": 1,
      "n_total": 100,
      "n_de": 54,
      "n_en": 36,
      "n_ja": 3,
      "n_other": 0,
      "n_dropped": 7,
      "mean_burrows": 110.15029124952586,