{
  "persona": "kant",
  "metric": "burrows_delta_de",
  "reference_persona": "kant",
  "reference_language": "de",
  "n_function_words": 49,
  "window_size": 100,
  "n_clusters": 2,
  "n_windows_with_de": 6,
  "lang_confidence_threshold": 0.85,
  "min_tokens": 5,
  "lang_routing_counts": {
    "total_utterances_seen": 600,
    "de": 324,
    "en_dropped": 209,
    "ja_dropped": 22,
    "other_dropped": 0,
    "low_confidence_dropped": 45,
    "de_fraction": 0.54
  },
  "bootstrap": {
    "method": "hierarchical-cluster-only",
    "n_resamples": 2000,
    "ci": 0.95,
    "point": 114.71002407117311,
    "lo": 114.16164244856334,
    "hi": 115.25840569378289,
    "width": 1.0967632452195488,
    "n": 6
  },
  "shards": [
    "kant_r8v3_run0_stim.duckdb",
    "kant_r8v3_run1_stim.duckdb"
  ],
  "per_window": [
    {
      "run_id": "kant_r8v3_run0_stim",
      "window_index": 0,
      "n_total": 100,
      "n_de": 57,
      "n_en": 34,
      "n_ja": 3,
      "n_other": 0,
      "n_dropped": 6,
      "mean_burrows": 114.22247896946732,
      "per_utt_burrows": [
        139.17109198773116,
        115.49407620137787,
        95.22669918411344,
        102.24799616540541,
        145.4416250932624,
        132.9130752526336,
        100.89299949590972,
        143.63727987106978,
        106.53725912314903,
        99.73464755219783,
        122.3602897074003,
        143.7273190803915,
        121.02754838004172,
        106.07575870413831,
        138.8309806667598,
        120.1086229023864,
        128.68586111783088,
        101.2739584006091,
        88.02550470430981,
        105.82896882116044,
        110.5032728429451,
        70.96650407237394,
        190.45692711878863,
        98.57313885858801,
        113.76706980835418,
        95.60261615842157,
        79.38225146973178,
        91.71249148188163,
        136.051597390603,
        105.35920069776554,
        164.42796789056032,
        81.29367395694375,
        150.64984895550506,
        95.30756837422716,
        139.92986817774252,
        97.13145642345886,
        101.18562072367686,
        91.06823009063827,
        93.83702914559437,
        130.98108836606426,
        74.11987589845965,
        119.15082279280745,
        101.17625945272414,
        147.90890861143464,
        132.60738792106076,
        132.60738792106076,
        128.01710709524895,
        125.83028317024463,
        126.8423698086971,
        110.5032728429451,
        70.96650407237394,
        190.45692711878863,
        91.87405537844647,
        91.96255039490401,
        90.37245392034815,
        89.14365896246832,
        91.71249148188163
      ]
    },
    {
      "run_id": "kant_r8v3_run0_stim",
      "window_index": 1,
      "n_total": 100,
      "n_de": 53,
      "n_en": 36,
      "n_ja": 4,
      "n_other": 0,
      "n_dropped": 7,
      "mean_burrows": 117.80780815715838,
      "per_utt_burrows": [
        139.17109198773116,
        138.99905905959207,
        118.53191547819281,
        118.77945030349963,
        144.3524699541202,
        97.94552475425039,
        105.79455830001311,
        196.05946398988524,
        126.29810459965903,
        80.18397922783363,
        109.54602994179433,
        134.16125023487885,
        74.77936267929562,
        119.15082279280745,
        113.22404119845505,
        146.1414902644285,
        128.68586111783088,
        107.93994726974572,
        114.15309243426704,
        101.2739584006091,
        111.134786447512,
        190.45692711878863,
        104.20379217961276,
        137.23883581344643,
        109.97839568335694,
        85.49119824152041,
        84.58846920676896,
        122.46308671769769,
        104.47181265078865,
        130.92871214661355,
        121.74172691713319,
        148.3498002744967,
        154.60474692557335,
        86.58532024540837,
        100.32805469807253,
        114.40139092262457,
        97.36179342576766,
        119.14124488338695,
        128.55239813206998,
        120.65611844984383,
        140.51911420873998,
        121.38795163431287,
        132.60738792106076,
        107.93994726974572,
        106.59386011864441,
        142.77175821534203,
        95.4292115345203,
        70.96650407237394,
        133.59954990089767,
        92.47281902900005,
        101.76577020683285,
        118.19738166666939,
        91.71249148188163
      ]
    },
    {
      "run_id": "kant_r8v3_run0_stim",
      "window_index": 2,
      "n_total": 100,
      "n_de": 56,
      "n_en": 35,
      "n_ja": 3,
      "n_other": 0,
      "n_dropped": 6,
      "mean_burrows": 110.45464021906433,
      "per_utt_burrows": [
        117.78739088011423,
        137.00151051337895,
        102.99516930933993,
        119.46026295431416,
        148.3498002744967,
        90.3024411400254,
        112.26692636914753,
        114.55155514353592,
        96.13137087805714,
        80.42435947932846,
        117.85313684685791,
        90.94078212450061,
        103.68204117004471,
        78.95270346236832,
        118.184104376966,
        120.82499314630206,
        97.84929609155493,
        111.61563400312275,
        120.8796632002717,
        116.61713143737927,
        104.47647703154296,
        70.96650407237394,
        190.45692711878863,
        110.84251254105615,
        113.76706980835418,
        116.90739771064673,
        101.68835662679523,
        82.40507989313902,
        116.72102536681521,
        83.97608179978485,
        106.96040918863292,
        127.76785083498365,
        165.51126249486717,
        124.64833024530107,
        93.6495649972319,
        111.0891573768312,
        114.83382366956971,
        92.57951779227,
        116.84550619642067,
        119.79677234982516,
        119.50064478304073,
        78.95270346236832,
        103.10857480239588,
        128.7234808574823,
        103.17879207729649,
        94.51387149251246,
        107.8829168768481,
        95.9133712842723,
        98.27164574646223,
        103.4739115634535,
        190.45692711878863,
        107.88582477618478,
        137.23883581344643,
        93.70951141245567,
        87.48835395177305,
        72.60058633248323
      ]
    },
    {
      "run_id": "kant_r8v3_run1_stim",
      "window_index": 0,
      "n_total": 100,
      "n_de": 53,
      "n_en": 35,
      "n_ja": 3,
      "n_other": 0,
      "n_dropped": 9,
      "mean_burrows": 119.4420170021781,
      "per_utt_burrows": [
        139.17109198773116,
        74.64631104217115,
        149.8750773049358,
        121.74172691713319,
        156.42293624495954,
        95.30756837422716,
        91.65824581744499,
        196.05946398988524,
        134.95244800190534,
        102.6234224987621,
        102.98138055313687,
        114.2045871123877,
        85.83344618220596,
        85.20836738290033,
        96.60224596171251,
        119.58753543894181,
        128.61550447028785,
        95.6874367730309,
        101.2739584006091,
        115.29624391611505,
        104.47647703154296,
        190.45692711878863,
        135.1842159185514,
        133.43244751980495,
        91.8084065087663,
        134.33009471666202,
        79.8631741551912,
        110.8823209165786,
        127.26497223596925,
        91.0782467753686,
        121.74172691713319,
        148.3498002744967,
        112.32417060297192,
        134.12189701374191,
        195.99723465510073,
        101.50513222925136,
        120.32241329552319,
        120.4475939751551,
        149.96974554844567,
        95.8405912916018,
        108.91524752508435,
        120.1086229023864,
        91.42717889496011,
        115.86100785635566,
        97.67956407338436,
        159.63800293942978,
        104.47947031966896,
        190.45692711878863,
        124.81647742944396,
        113.76706980835418,
        109.97839568335694,
        99.2681404643728,
        86.88420902872467
      ]
    },
    {
      "run_id": "kant_r8v3_run1_stim",
      "window_index": 1,