{
  "encoder": "sentence-transformers/all-mpnet-base-v2",
  "encoder_revision_sha": "e8c3b32edf5434bc2275fc9bab85f82640a19130",
  "encoder_role": "regression",
  "library_versions": {
    "sentence_transformers": "3.4.1",
    "transformers": "4.57.6"
  },
  "library_versions_match_d2": true,
  "preregistration_anchor": "DA-15 D-2 (.steering/20260516-m9-c-adopt-da15-impl/decisions.md + d2-encoder-allowlist.json). Encoder + revision SHA + library versions must match the pinned values for the verdict to count as ADOPT-eligible. ``encoder_role`` decides whether this run can contribute to the primary ADOPT panel (``primary``) or only serves as the DA-14 regression baseline (``regression``).",
  "persona": "kant",
  "metric": "vendi_semantic_v2_encoder_swap",
  "window_size": 100,
  "n_resamples": 2000,
  "balanced_n_resamples": 500,
  "seed": 42,
  "v2_shards": [
    "kant_r8v2_run0_stim.duckdb",
    "kant_r8v2_run1_stim.duckdb"
  ],
  "nolora_shards": [
    "kant_nolora_run0_stim.duckdb",
    "kant_nolora_run1_stim.duckdb"
  ],
  "natural_windows": {
    "v2_scores": [
      32.29308113367523,
      33.21219451371335,
      33.28913032926151,
      34.5463592104912,
      33.57105418003895,
      32.18533685281382
    ],
    "nolora_scores": [
      32.8551438348886,
      33.149712415016346,
      33.35761109500892,
      33.08793457517454,
      33.108925662900496,
      34.30607516622779
    ],
    "v2_mean": 33.182859369999,
    "nolora_mean": 33.31090045820279,
    "cohens_d": -0.17884690563776426
  },
  "standard_bootstrap": {
    "diff_point": -0.128041088203787,
    "diff_lo": -0.8762965168680878,
    "diff_hi": 0.6318451538786292,
    "cohens_d": -0.17884690563776426,
    "n_resamples": 2000,
    "seed": 42
  },
  "language_balanced_bootstrap": {
    "eligible_strata": [
      "de",
      "en"
    ],
    "per_stratum_quota": 50,
    "n_resamples": 500,
    "seed": 42,
    "v2_mean": 27.572204740455927,
    "nolora_mean": 27.965639782002224,
    "diff_point": -0.39343504154629744,
    "diff_lo": -3.6357045182092413,
    "diff_hi": 3.2199306155378977,
    "cohens_d": -0.3245564850534946
  },
  "length_balanced_bootstrap": {
    "eligible_strata": [
      "q1",
      "q2",
      "q3",
      "q4"
    ],
    "per_stratum_quota": 25,
    "n_resamples": 500,
    "seed": 42,
    "v2_mean": 29.022429598300615,
    "nolora_mean": 29.701891914615803,
    "diff_point": -0.6794623163151877,
    "diff_lo": -4.185797370042735,
    "diff_hi": 2.744530060965701,
    "cohens_d": -0.5402356936150126
  },
  "within_language": {
    "de": {
      "eligible_strata": [
        "de"
      ],
      "per_stratum_quota": 100,
      "n_resamples": 500,
      "seed": 42,
      "v2_mean": 17.715233829728533,
      "nolora_mean": 18.23903177478302,
      "diff_point": -0.5237979450544881,
      "diff_lo": -2.5587530847574946,
      "diff_hi": 1.528025188624202,
      "cohens_d": -0.7229267635222539
    },
    "en": {
      "eligible_strata": [
        "en"
      ],
      "per_stratum_quota": 100,
      "n_resamples": 500,
      "seed": 42,
      "v2_mean": 26.192524843936692,
      "nolora_mean": 26.60142873056358,
      "diff_point": -0.4089038866268927,
      "diff_lo": -4.3635549336146155,
      "diff_hi": 3.3202031901460494,
      "cohens_d": -0.3084787686779573
    },
    "ja": {
      "cohens_d": null,
      "n_v2": 19,
      "n_nolora": 19,
      "note": "insufficient mass for a single 100-utterance window per condition; this is the documented limitation for ja (Codex LOW-1 unrelated, but called out in verdict)."
    }
  },
  "length_quartile_cuts": [
    56,
    83,
    106
  ],
  "thresholds": {
    "cohens_d_point_le": -0.5,
    "diff_ci_upper_lt": 0.0,
    "note": "DA-14 thresholds, unchanged. Plan A pass requires the gate to clear under both standard and balanced bootstrap."
  },
  "verdict_per_axis": {
    "standard_pass": false,
    "language_balanced_pass": false,
    "length_balanced_pass": false
  }
}