{
  "preregistered_thresholds": {
    "scenario_I": {
      "vendi_diff_point_lt": 0,
      "vendi_diff_ci_upper_lt": 0,
      "vendi_cohens_d_lt": -0.5,
      "burrows_reduction_point_gt": 0.05,
      "burrows_reduction_ci_lower_gt": 0,
      "sister_ranks_aligned_min": 1
    },
    "scenario_II": {
      "any_of": [
        "vendi_point >= matched baseline",
        "vendi CI spans 0",
        "burrows reduction <= 0",
        "burrows reduction CI spans 0"
      ]
    }
  },
  "verdict": {
    "primary_rank": 8,
    "scenario": "II",
    "rationale": "No reversal \u2014 LoRA failure remains the live hypothesis",
    "primary_vendi_diff_point": 2.0155055489451357,
    "primary_vendi_diff_lo": 1.1081728964450086,
    "primary_vendi_diff_hi": 2.8679869527316946,
    "primary_vendi_cohens_d": 1.6365203415640008,
    "primary_burrows_reduction_point": -0.044639220799059964,
    "primary_burrows_reduction_lo": -0.05944127279275,
    "sister_ranks_aligned": 0
  },
  "rows": [
    {
      "label": "historical baseline (Ollama, multi-turn metadata)",
      "vendi": {
        "method": "hierarchical-cluster-only",
        "n_resamples": 2000,
        "ci": 0.95,
        "point": 30.82174786280427,
        "lo": 30.726231617260332,
        "hi": 30.92824100164295,
        "width": 0.20200938438261673,
        "n": 25
      },
      "vendi_window_scores": [
        30.910262936880287,
        30.186475868187383,
        32.5573228812828,
        31.62261727830099,
        28.559396651619092,
        32.59037374826167,
        29.052269291183034,
        30.978120428499622,
        31.77322107874879,
        28.92979724465524,
        31.729410858535033,
        29.17723874516884,
        32.26743925692187,
        31.886526592016466,
        29.275224489441747,
        31.747298101481913,
        29.48455669068745,
        32.88760279460032,
        31.446932279698718,
        28.382356746524536,
        31.444499963783983,
        29.868221063749953,
        32.62921468658392,
        30.950622354467058,
        30.206694538826056
      ],
      "burrows": {
        "method": "hierarchical-cluster-only",
        "n_resamples": 2000,
        "ci": 0.95,
        "point": 108.5337029133786,
        "lo": 108.09964091834041,
        "hi": 109.01782844761529,
        "width": 0.9181875292748742,
        "n": 25
      },
      "burrows_window_means": [
        113.37006342878728,
        104.6858807649393,
        109.74499134820934,
        110.428419870017,
        105.59017269026664,
        108.47541761531932,
        108.90690204790671,
        112.80335783754046,
        106.33207780298721,
        104.26575813629937,
        111.64850687866996,
        107.24507000458404,
        107.68926356943031,
        106.55985684398165,
        106.03533093140754,
        114.40066893282241,
        104.92703857084643,
        114.4692481179094,
        104.86359945403983,
        108.33300836624377,
        109.21680789058118,
        107.61505800945929,
        110.45762711408253,
        107.67356845649924,
        107.60487815163508
      ],
      "icc": {
        "point": 0.9980212738378781,
        "lo": 0.9973632557221506,
        "hi": 0.9987467748093528,
        "agreement_point": 0.9528206119785382,
        "agreement_lo": 0.9398821026060893,
        "agreement_hi": 0.968661851483261
      }
    },
    {
      "label": "matched baseline (historical, downsampled)",
      "vendi": {
        "method": "hierarchical-cluster-only",
        "n_resamples": 2000,
        "ci": 0.95,
        "point": 31.167353821053872,
        "lo": 31.010389123415223,
        "hi": 31.3184565525417,
        "width": 0.3080674291264778,
        "n": 15
      },
      "vendi_window_scores": [
        30.910262936880287,
        30.186475868187383,
        32.5573228812828,
        32.59037374826167,
        29.052269291183034,
        30.978120428499622,
        31.729410858535033,
        29.17723874516884,
        32.26743925692187,
        31.747298101481913,
        29.48455669068745,
        32.88760279460032,
        31.444499963783983,
        29.868221063749953,
        32.62921468658392
      ],
      "burrows": {
        "method": "hierarchical-cluster-only",
        "n_resamples": 2000,
        "ci": 0.95,
        "point": 109.71039347540587,
        "lo": 109.03637349837003,
        "hi": 110.54395898787904,
        "width": 1.5075854895090117,
        "n": 15
      },
      "burrows_window_means": [
        113.37006342878728,
        104.6858807649393,
        109.74499134820934,
        108.47541761531932,
        108.90690204790671,
        112.80335783754046,
        111.64850687866996,
        107.24507000458404,
        107.68926356943031,
        114.40066893282241,
        104.92703857084643,
        114.4692481179094,
        109.21680789058118,
        107.61505800945929,
        110.45762711408253
      ],
      "icc": {
        "point": 0.9980212738378781,
        "lo": 0.9973632557221506,
        "hi": 0.9987467748093528,
        "agreement_point": 0.9528206119785382,
        "agreement_lo": 0.9398821026060893,
        "agreement_hi": 0.968661851483261
      }
    },
    {
      "label": "no-LoRA SGLang control (multi-turn protocol)",
      "vendi": {
        "method": "hierarchical-cluster-only",
        "n_resamples": 2000,
        "ci": 0.95,
        "point": 33.31090056393359,
        "lo": 33.12082251769403,
        "hi": 33.500978610173156,
        "width": 0.3801560924791261,
        "n": 6
      },
      "vendi_window_scores": [
        32.8551439580414,
        33.149712500031775,
        33.35761109500892,
        33.08793469599775,
        33.108925836620024,
        34.3060752979017
      ],
      "burrows": {
        "method": "hierarchical-cluster-only",
        "n_resamples": 2000,
        "ci": 0.95,
        "point": 115.10090300065475,
        "lo": 113.93029366148589,
        "hi": 116.27151233982359,
        "width": 2.3412186783376967,
        "n": 6
      },
      "burrows_window_means": [
        118.27719560731124,
        114.85861017882917,
        115.67873123333044,
        114.83756412020549,
        116.79112660783991,
        110.16219025641225
      ],
      "icc": {
        "point": 0.9818882466281311,
        "lo": 0.9760217983651225,
        "hi": 0.9935969868173254,
        "agreement_point": 0.9061166429587485,
        "agreement_lo": 0.8853695324283563,
        "agreement_hi": 0.960695389266818
      }
    },
    {
      "label": "single-turn pilot LoRA r=8 (PR #165)",
      "vendi": {
        "method": "hierarchical-cluster-only",
        "n_resamples": 2000,
        "ci": 0.95,
        "point": 34.70096800564424,
        "lo": 34.67318175937764,
        "hi": 34.72875425191085,
        "width": 0.05557249253320862,
        "n": 6
      },
      "vendi_window_scores": [
        34.6339644268245,
        34.747827344258404,
        34.80447098464963,
        33.96589214280738,
        35.560105708173225,
        34.49354742715233
      ],
      "burrows": {
        "method": "hierarchical-cluster-only",
        "n_resamples": 2000,
        "ci": 0.95,
        "point": 113.72272053877083,
        "lo": 113.31417590342473,
        "hi": 114.1312651741169,
        "width": 0.8170892706921791,
        "n": 6
      },
      "burrows_window_means": [
        115.84977878172029,
        110.02554789082534,
        116.5184688498051,
        110.75606080293909,
        116.49205215242263,
        112.69441475491244
      ],
      "icc": {
        "point": 0.9843317972350227,
        "lo": 0.9795191388648676,
        "hi": 0.9945578231292516,
        "agreement_point": 0.921325051759833,
        "agreement_lo": 0.8989898989898986,
        "agreement_hi": 0.9698826244301579
      }
    },
    {
      "label": "multi-turn pilot LoRA r=8 (\u672c PR)",
      "vendi": {
        "method": "hierarchical-cluster-only",
        "n_resamples": 2000,
        "ci": 0.95,
        "point": 33.182859369999,
        "lo": 32.931468658883354,