{
  "bucket_histogram": {
    "de|120+|q3": 326,
    "de|120+|q4": 341,
    "de|30-59|q1": 160,
    "de|30-59|q3": 4,
    "de|30-59|q4": 58,
    "de|60-119|q3": 7,
    "de|60-119|q4": 3,
    "de|<30|q1": 299,
    "de|<30|q4": 194,
    "en|30-59|q1": 65,
    "en|30-59|q4": 1,
    "en|60-119|q1": 6,
    "en|<30|q1": 899,
    "en|<30|q4": 194,
    "ja|120+|q1": 32,
    "ja|120+|q3": 17,
    "ja|120+|q4": 5,
    "ja|30-59|q1": 1229,
    "ja|30-59|q3": 129,
    "ja|30-59|q4": 464,
    "ja|60-119|q1": 383,
    "ja|60-119|q3": 108,
    "ja|60-119|q4": 109,
    "ja|<30|q1": 549,
    "ja|<30|q4": 40,
    "mixed|30-59|q1": 6,
    "mixed|<30|q1": 50,
    "mixed|<30|q4": 15
  },
  "marker_quartile_breakpoints": [
    0.0,
    0.0,
    2.312138728323699
  ],
  "n_eff": 4358.432891857372,
  "n_examples": 5693,
  "per_language_weighted_mass": {
    "de": 0.3854076913440742,
    "en": 0.21556899176040328,
    "ja": 0.38901661134706905,
    "mixed": 0.010006705548407895
  },
  "top_5_pct_count": 285,
  "top_5_pct_weight_share": 0.1248748718242926,
  "weight_max": 3.76895969031745,
  "weight_mean": 1.0000000000000566,
  "weight_min": 0.42714876490264436,
  "weight_p10": 0.5527807545798926,
  "weight_p50": 0.7789183359989396,
  "weight_p90": 1.8431628457367
}
