{
  "achieved": {
    "de_en_mass": 0.5323729252307853,
    "de_mass": 0.2784398514878383,
    "en_mass": 0.253933073742947,
    "n_eff": 4027.8847209750384,
    "top_5_pct_weight_share": 0.1347863938369869
  },
  "captured_at_utc": "2026-05-16T06:06:21.688515+00:00",
  "failed_axes": [
    "de_en_mass",
    "de_mass"
  ],
  "merge_sha": "dcb07c9707e356281c6df4815382e78775f32dd0",
  "plan_b_gate": "fail",
  "schema_version": 1,
  "thresholds": {
    "de_en_mass_min": 0.6,
    "de_mass_min": 0.3,
    "n_eff_min": 1500.0,
    "top_5_pct_max": 0.35
  },
  "weight_audit_path": "data\\lora\\m9-c-adopt-v2\\kant_r8_v3\\weight-audit.json"
}
