{
  "bucket_histogram": {
    "de|120+|q3": 328,
    "de|120+|q4": 338,
    "de|30-59|q1": 159,
    "de|30-59|q3": 5,
    "de|30-59|q4": 57,
    "de|60-119|q3": 7,
    "de|60-119|q4": 4,
    "de|<30|q1": 306,
    "de|<30|q4": 191,
    "en|30-59|q1": 72,
    "en|60-119|q1": 6,
    "en|<30|q1": 879,
    "en|<30|q4": 201,
    "ja|120+|q1": 24,
    "ja|120+|q3": 19,
    "ja|120+|q4": 7,
    "ja|30-59|q1": 1229,
    "ja|30-59|q3": 136,
    "ja|30-59|q4": 458,
    "ja|60-119|q1": 387,
    "ja|60-119|q3": 111,
    "ja|60-119|q4": 102,
    "ja|<30|q1": 553,
    "ja|<30|q4": 41,
    "mixed|30-59|q1": 6,
    "mixed|<30|q1": 52,
    "mixed|<30|q4": 16
  },
  "marker_quartile_breakpoints": [
    0.0,
    0.0,
    2.3255813953488373
  ],
  "n_eff": 4355.494988994533,
  "n_examples": 5694,
  "per_language_weighted_mass": {
    "de": 0.3850522057688794,
    "en": 0.21641381373755184,
    "ja": 0.38831302438506093,
    "mixed": 0.010220956108493781
  },
  "top_5_pct_count": 285,
  "top_5_pct_weight_share": 0.12538278604625783,
  "weight_max": 3.765147260370962,
  "weight_mean": 1.0000000000000397,
  "weight_min": 0.42671668950870906,
  "weight_p10": 0.5522215981877411,
  "weight_p50": 0.8101436219824512,
  "weight_p90": 1.8433829464375944
}
